#Samples	accuracy_96c	accuracy_80c
Biliary-AdenoCA::SP117655	0.968	0.963
Biliary-AdenoCA::SP117556	0.919	0.959
Biliary-AdenoCA::SP117627	0.972	0.982
Biliary-AdenoCA::SP117775	0.987	0.987
Biliary-AdenoCA::SP117332	0.987	0.984
Biliary-AdenoCA::SP117712	0.947	0.888
Biliary-AdenoCA::SP117017	0.951	0.959
Biliary-AdenoCA::SP117031	0.975	0.974
Biliary-AdenoCA::SP117759	0.975	0.982
Biliary-AdenoCA::SP117621	0.988	0.988
Biliary-AdenoCA::SP117425	0.996	0.995
Biliary-AdenoCA::SP117930	0.965	0.964
Biliary-AdenoCA::SP99287	0.966	0.945
Biliary-AdenoCA::SP99293	0.968	0.932
Biliary-AdenoCA::SP99289	0.96	0.93
Biliary-AdenoCA::SP99297	0.922	0.921
Biliary-AdenoCA::SP99301	0.961	0.97
Biliary-AdenoCA::SP99305	0.959	0.954
Biliary-AdenoCA::SP99309	0.95	0.948
Biliary-AdenoCA::SP99313	0.973	0.951
Biliary-AdenoCA::SP99317	0.944	0.94
Biliary-AdenoCA::SP99321	0.98	0.978
Biliary-AdenoCA::SP99325	0.98	0.918
Biliary-AdenoCA::SP99329	0.959	0.952
Biliary-AdenoCA::SP99333	0.965	0.955
Biliary-AdenoCA::SP99337	0.967	0.956
Biliary-AdenoCA::SP99341	0.958	0.954
Biliary-AdenoCA::SP99345	0.972	0.938
Biliary-AdenoCA::SP99113	0.937	0.92
Biliary-AdenoCA::SP99185	0.968	0.927
Biliary-AdenoCA::SP99209	0.966	0.916
Biliary-AdenoCA::SP99213	0.967	0.945
Biliary-AdenoCA::SP99221	0.944	0.927
Biliary-AdenoCA::SP99225	0.967	0.962
Biliary-AdenoCA::SP99241	0.969	0.931
Bladder-TCC::SP1086	0.982	0.977
Bladder-TCC::SP1003	0.996	0.995
Bladder-TCC::SP1677	0.996	0.996
Bladder-TCC::SP1305	0.968	0.972
Bladder-TCC::SP963	0.998	0.997
Bladder-TCC::SP1144	0.995	0.994
Bladder-TCC::SP1132	0.959	0.966
Bladder-TCC::SP1712	0.995	0.994
Bladder-TCC::SP1114	0.935	0.934
Bladder-TCC::SP1431	0.994	0.993
Bladder-TCC::SP975	0.982	0.976
Bladder-TCC::SP1059	0.992	0.99
Bladder-TCC::SP1419	0.987	0.984
Bladder-TCC::SP1009	0.995	0.994
Bladder-TCC::SP1724	0.997	0.996
Bladder-TCC::SP96136	0.998	0.996
Bladder-TCC::SP967	0.967	0.968
Bladder-TCC::SP1781	0.996	0.995
Bladder-TCC::SP1174	0.987	0.987
Bladder-TCC::SP953	0.991	0.989
Bladder-TCC::SP1377	0.995	0.993
Bladder-TCC::SP1365	0.988	0.985
Bladder-TCC::SP1491	0.986	0.978
Bone-Benign::SP116536	0.965	0.975
Bone-Benign::SP116539	0.908	0.932
Bone-Benign::SP116542	0.926	0.928
Bone-Benign::SP116545	0.941	0.951
Bone-Benign::SP116548	0.898	0.909
Bone-Benign::SP116550	0.897	0.912
Bone-Benign::SP116553	0.896	0.904
Bone-Benign::SP116557	0.877	0.87
Bone-Benign::SP116559	0.917	0.936
Bone-Benign::SP116562	0.875	0.875
Bone-Benign::SP116564	0.919	0.954
Bone-Benign::SP116571	0.946	0.948
Bone-Benign::SP116393	0.839	0.87
Bone-Benign::SP116442	0.891	0.913
Bone-Benign::SP116446	0.888	0.886
Bone-Epith::SP116419	0.91	0.905
Bone-Epith::SP116383	0.976	0.975
Bone-Epith::SP116385	0.957	0.96
Bone-Epith::SP116440	0.959	0.95
Bone-Epith::SP116450	0.974	0.97
Bone-Epith::SP116493	0.961	0.956
Bone-Epith::SP116391	0.933	0.93
Bone-Epith::SP116401	0.965	0.969
Bone-Epith::SP116409	0.973	0.966
Bone-Epith::SP116416	0.946	0.943
Bone-Epith::SP116424	0.934	0.931
Bone-Osteosarc::SP116515	0.899	0.894
Bone-Osteosarc::SP116499	0.955	0.963
Bone-Osteosarc::SP116505	0.948	0.956
Bone-Osteosarc::SP116509	0.986	0.984
Bone-Osteosarc::SP116437	0.955	0.947
Bone-Osteosarc::SP116512	0.919	0.926
Bone-Osteosarc::SP116465	0.947	0.939
Bone-Osteosarc::SP116496	0.982	0.961
Bone-Osteosarc::SP116525	0.966	0.965
Bone-Osteosarc::SP116481	0.968	0.976
Bone-Osteosarc::SP116586	0.934	0.942
Bone-Osteosarc::SP116528	0.96	0.969
Bone-Osteosarc::SP116589	0.925	0.932
Bone-Osteosarc::SP116406	0.951	0.956
Bone-Osteosarc::SP116484	0.928	0.927
Bone-Osteosarc::SP116453	0.949	0.942
Bone-Osteosarc::SP116469	0.925	0.933
Bone-Osteosarc::SP116578	0.975	0.974
Bone-Osteosarc::SP116531	0.931	0.939
Bone-Osteosarc::SP116593	0.95	0.956
Bone-Osteosarc::SP116487	0.957	0.964
Bone-Osteosarc::SP116456	0.94	0.959
Bone-Osteosarc::SP116472	0.975	0.951
Bone-Osteosarc::SP116518	0.953	0.904
Bone-Osteosarc::SP116412	0.958	0.956
Bone-Osteosarc::SP116534	0.923	0.926
Bone-Osteosarc::SP116596	0.961	0.942
Bone-Osteosarc::SP116490	0.928	0.924
Bone-Osteosarc::SP116459	0.952	0.964
Bone-Osteosarc::SP116475	0.956	0.956
Bone-Osteosarc::SP116520	0.963	0.971
Bone-Osteosarc::SP116431	0.969	0.968
Bone-Osteosarc::SP116582	0.966	0.975
Bone-Osteosarc::SP116599	0.96	0.959
Bone-Osteosarc::SP116478	0.978	0.979
Bone-Osteosarc::SP116462	0.96	0.96
Bone-Osteosarc::SP116523	0.955	0.961
Bone-Osteosarc::SP116434	0.882	0.887
Breast-AdenoCA::SP117956	0.938	0.955
Breast-AdenoCA::SP117975	0.957	0.965
Breast-AdenoCA::SP2149	0.965	0.961
Breast-AdenoCA::SP117113	0.957	0.964
Breast-AdenoCA::SP117245	0.971	0.971
Breast-AdenoCA::SP117402	0.989	0.987
Breast-AdenoCA::SP117136	0.961	0.96
Breast-AdenoCA::SP117378	0.968	0.969
Breast-AdenoCA::SP116947	0.964	0.966
Breast-AdenoCA::SP117369	0.997	0.997
Breast-AdenoCA::SP117244	0.991	0.99
Breast-AdenoCA::SP117162	0.978	0.975
Breast-AdenoCA::SP117079	0.996	0.995
Breast-AdenoCA::SP117344	0.962	0.959
Breast-AdenoCA::SP118074	0.978	0.978
Breast-AdenoCA::SP117598	0.942	0.958
Breast-AdenoCA::SP117312	0.98	0.979
Breast-AdenoCA::SP118038	0.989	0.986
Breast-AdenoCA::SP117552	0.964	0.962
Breast-AdenoCA::SP118073	0.96	0.967
Breast-AdenoCA::SP117933	0.942	0.943
Breast-AdenoCA::SP118012	0.974	0.971
Breast-AdenoCA::SP117108	0.976	0.979
Breast-AdenoCA::SP117812	0.96	0.959
Breast-AdenoCA::SP117354	0.97	0.973
Breast-AdenoCA::SP117370	0.975	0.98
Breast-AdenoCA::SP116991	0.972	0.976
Breast-AdenoCA::SP117629	0.979	0.977
Breast-AdenoCA::SP124199	0.952	0.971
Breast-AdenoCA::SP124195	0.971	0.973
Breast-AdenoCA::SP117850	0.982	0.985
Breast-AdenoCA::SP117127	0.964	0.966
Breast-AdenoCA::SP117614	0.968	0.966
Breast-AdenoCA::SP116948	0.974	0.972
Breast-AdenoCA::SP117409	0.982	0.981
Breast-AdenoCA::SP117593	0.95	0.948
Breast-AdenoCA::SP117372	0.998	0.998
Breast-AdenoCA::SP118077	0.956	0.96
Breast-AdenoCA::SP117840	0.964	0.965
Breast-AdenoCA::SP117363	0.938	0.951
Breast-AdenoCA::SP117887	0.959	0.959
Breast-AdenoCA::SP116946	0.978	0.979
Breast-AdenoCA::SP117901	0.97	0.965
Breast-AdenoCA::SP117454	0.977	0.965
Breast-AdenoCA::SP124197	0.994	0.993
Breast-AdenoCA::SP117919	0.974	0.973
Breast-AdenoCA::SP117250	0.997	0.997
Breast-AdenoCA::SP117983	0.979	0.98
Breast-AdenoCA::SP117676	0.968	0.973
Breast-AdenoCA::SP117011	0.999	0.999
Breast-AdenoCA::SP117057	0.98	0.979
Breast-AdenoCA::SP117126	0.976	0.976
Breast-AdenoCA::SP117728	0.971	0.964
Breast-AdenoCA::SP117618	0.956	0.964
Breast-AdenoCA::SP117257	0.971	0.973
Breast-AdenoCA::SP116963	0.965	0.959
Breast-AdenoCA::SP117078	0.959	0.971
Breast-AdenoCA::SP117944	0.965	0.956
Breast-AdenoCA::SP117639	0.977	0.979
Breast-AdenoCA::SP117834	0.939	0.947
Breast-AdenoCA::SP117105	0.981	0.98
Breast-AdenoCA::SP117785	0.981	0.974
Breast-AdenoCA::SP117882	0.962	0.971
Breast-AdenoCA::SP117778	0.963	0.96
Breast-AdenoCA::SP117032	0.95	0.951
Breast-AdenoCA::SP117710	0.979	0.979
Breast-AdenoCA::SP117538	0.969	0.966
Breast-AdenoCA::SP124207	0.973	0.97
Breast-AdenoCA::SP117800	0.978	0.975
Breast-AdenoCA::SP117724	0.961	0.967
Breast-AdenoCA::SP124193	0.99	0.989
Breast-AdenoCA::SP2293	0.998	0.998
Breast-AdenoCA::SP2357	0.956	0.952
Breast-AdenoCA::SP2144	0.979	0.974
Breast-AdenoCA::SP2145	0.972	0.973
Breast-AdenoCA::SP2147	0.974	0.97
Breast-AdenoCA::SP2146	0.974	0.973
Breast-AdenoCA::SP2148	0.993	0.991
Breast-AdenoCA::SP2150	0.943	0.955
Breast-AdenoCA::SP2152	0.972	0.979
Breast-AdenoCA::SP2349	0.978	0.983
Breast-AdenoCA::SP2155	0.976	0.972
Breast-AdenoCA::SP2154	0.966	0.963
Breast-AdenoCA::SP2158	0.957	0.96
Breast-AdenoCA::SP2156	0.974	0.971
Breast-AdenoCA::SP2159	0.997	0.997
Breast-AdenoCA::SP2153	0.972	0.97
Breast-AdenoCA::SP2160	0.955	0.964
Breast-AdenoCA::SP2151	0.982	0.974
Breast-AdenoCA::SP116341	0.988	0.981
Breast-AdenoCA::SP116331	0.977	0.977
Breast-AdenoCA::SP116351	0.968	0.975
Breast-AdenoCA::SP116371	0.98	0.977
Breast-AdenoCA::SP116361	0.996	0.995
Breast-AdenoCA::SP116343	0.975	0.982
Breast-AdenoCA::SP116333	0.976	0.974
Breast-AdenoCA::SP116373	0.964	0.959
Breast-AdenoCA::SP116363	0.974	0.971
Breast-AdenoCA::SP116353	0.98	0.981
Breast-AdenoCA::SP116345	0.97	0.978
Breast-AdenoCA::SP116365	0.991	0.986
Breast-AdenoCA::SP116375	0.975	0.977
Breast-AdenoCA::SP116335	0.981	0.965
Breast-AdenoCA::SP116355	0.971	0.966
Breast-AdenoCA::SP116347	0.973	0.98
Breast-AdenoCA::SP116367	0.984	0.981
Breast-AdenoCA::SP116339	0.978	0.975
Breast-AdenoCA::SP116349	0.964	0.966
Breast-AdenoCA::SP116357	0.971	0.966
Breast-AdenoCA::SP116359	0.988	0.982
Breast-AdenoCA::SP116369	0.977	0.971
Breast-AdenoCA::SP116377	0.983	0.98
Breast-AdenoCA::SP116379	0.97	0.975
Breast-AdenoCA::SP7692	0.996	0.996
Breast-AdenoCA::SP5052	0.932	0.931
Breast-AdenoCA::SP7785	0.968	0.965
Breast-AdenoCA::SP3415	0.985	0.982
Breast-AdenoCA::SP2799	0.965	0.966
Breast-AdenoCA::SP9979	0.977	0.97
Breast-AdenoCA::SP5393	0.977	0.966
Breast-AdenoCA::SP11292	0.982	0.979
Breast-AdenoCA::SP13036	0.961	0.908
Breast-AdenoCA::SP7421	0.978	0.971
Breast-AdenoCA::SP4875	0.955	0.949
Breast-AdenoCA::SP8795	0.978	0.973
Breast-AdenoCA::SP4820	0.971	0.965
Breast-AdenoCA::SP4593	0.957	0.969
Breast-AdenoCA::SP8085	0.977	0.979
Breast-AdenoCA::SP11235	0.98	0.978
Breast-AdenoCA::SP6730	0.978	0.976
Breast-AdenoCA::SP10635	0.951	0.96
Breast-AdenoCA::SP5381	0.947	0.949
Breast-AdenoCA::SP10084	0.968	0.978
Breast-AdenoCA::SP9251	0.974	0.974
Breast-AdenoCA::SP3016	0.981	0.976
Breast-AdenoCA::SP11045	0.995	0.995
Breast-AdenoCA::SP2826	0.97	0.967
Breast-AdenoCA::SP11171	0.953	0.948
Breast-AdenoCA::SP5784	0.939	0.901
Breast-AdenoCA::SP8564	0.978	0.978
Breast-AdenoCA::SP5844	0.989	0.983
Breast-AdenoCA::SP6519	0.958	0.961
Breast-AdenoCA::SP6766	0.953	0.953
Breast-AdenoCA::SP5448	0.987	0.985
Breast-AdenoCA::SP12049	0.96	0.959
Breast-AdenoCA::SP2714	0.98	0.977
Breast-AdenoCA::SP2801	0.965	0.97
Breast-AdenoCA::SP8891	0.981	0.981
Breast-AdenoCA::SP9481	0.961	0.949
Breast-AdenoCA::SP5808	0.965	0.966
Breast-AdenoCA::SP6429	0.973	0.967
Breast-AdenoCA::SP5017	0.971	0.971
Breast-AdenoCA::SP8229	0.981	0.976
Breast-AdenoCA::SP8157	0.975	0.969
Breast-AdenoCA::SP5279	0.983	0.985
Breast-AdenoCA::SP8660	0.974	0.968
Breast-AdenoCA::SP11878	0.988	0.981
Breast-AdenoCA::SP9433	0.997	0.997
Breast-AdenoCA::SP2881	0.971	0.968
Breast-AdenoCA::SP7378	0.972	0.974
Breast-AdenoCA::SP9816	0.973	0.969
Breast-AdenoCA::SP4265	0.976	0.978
Breast-AdenoCA::SP2793	0.973	0.968
Breast-AdenoCA::SP6825	0.987	0.986
Breast-AdenoCA::SP4523	0.982	0.978
Breast-AdenoCA::SP9930	0.997	0.995
Breast-AdenoCA::SP5820	0.98	0.978
Breast-AdenoCA::SP10470	0.968	0.965
Breast-AdenoCA::SP9648	0.961	0.962
Breast-AdenoCA::SP4535	0.952	0.961
Breast-AdenoCA::SP11808	0.972	0.975
Breast-AdenoCA::SP96163	0.99	0.984
Breast-AdenoCA::SP11948	0.971	0.972
Breast-AdenoCA::SP4557	0.983	0.985
Breast-AdenoCA::SP96147	0.978	0.976
Breast-AdenoCA::SP10150	0.995	0.994
Breast-AdenoCA::SP4472	0.987	0.984
Breast-AdenoCA::SP6813	0.995	0.996
Breast-AdenoCA::SP96511	0.983	0.976
Breast-AdenoCA::SP5636	0.979	0.976
Breast-AdenoCA::SP5559	0.989	0.988
Breast-AdenoCA::SP3631	0.996	0.996
Breast-AdenoCA::SP5473	0.979	0.971
Breast-AdenoCA::SP8394	0.982	0.984
Breast-AdenoCA::SP6115	0.968	0.965
Breast-AdenoCA::SP7291	0.969	0.972
Breast-AdenoCA::SP2997	0.937	0.939
Breast-AdenoCA::SP8831	0.98	0.976
Breast-AdenoCA::SP2731	0.974	0.979
Breast-AdenoCA::SP6223	0.961	0.957
Breast-AdenoCA::SP7171	0.952	0.956
Breast-AdenoCA::SP10563	0.988	0.988
Breast-AdenoCA::SP8987	0.982	0.978
Breast-AdenoCA::SP5980	0.976	0.973
Breast-AdenoCA::SP12186	0.994	0.994
Breast-AdenoCA::SP10944	0.992	0.99
Breast-AdenoCA::SP2766	0.971	0.966
Breast-AdenoCA::SP6673	0.962	0.957
Breast-DCIS::SP117698	0.934	0.942
Breast-DCIS::SP124201	0.91	0.926
Breast-DCIS::SP2143	0.956	0.958
Breast-LobularCA::SP124191	0.969	0.965
Breast-LobularCA::SP117247	0.966	0.964
Breast-LobularCA::SP117362	0.958	0.968
Breast-LobularCA::SP117470	0.964	0.964
Breast-LobularCA::SP117586	0.968	0.967
Breast-LobularCA::SP117709	0.979	0.98
Breast-LobularCA::SP2157	0.961	0.964
Breast-LobularCA::SP3368	0.966	0.966
Breast-LobularCA::SP5666	0.991	0.989
Breast-LobularCA::SP2781	0.982	0.979
Breast-LobularCA::SP8532	0.997	0.996
Breast-LobularCA::SP12856	0.999	0.999
Breast-LobularCA::SP7456	0.976	0.975
CNS-GBM::SP24708	0.978	0.972
CNS-GBM::SP24301	0.979	0.972
CNS-GBM::SP27201	0.978	0.972
CNS-GBM::SP28791	0.968	0.941
CNS-GBM::SP23739	0.961	0.956
CNS-GBM::SP24702	0.963	0.955
CNS-GBM::SP25332	0.964	0.957
CNS-GBM::SP28335	0.968	0.958
CNS-GBM::SP26709	0.976	0.968
CNS-GBM::SP25350	0.977	0.968
CNS-GBM::SP25380	0.978	0.974
CNS-GBM::SP24565	0.975	0.967
CNS-GBM::SP25833	0.96	0.947
CNS-GBM::SP25905	0.967	0.958
CNS-GBM::SP26439	0.948	0.937
CNS-GBM::SP24236	0.952	0.943
CNS-GBM::SP23925	0.89	0.872
CNS-GBM::SP24815	0.964	0.955
CNS-GBM::SP27957	0.977	0.971
CNS-GBM::SP27603	0.976	0.967
CNS-GBM::SP27825	0.972	0.969
CNS-GBM::SP24135	0.976	0.969
CNS-GBM::SP26499	0.963	0.953
CNS-GBM::SP25518	0.975	0.968
CNS-GBM::SP28659	0.967	0.953
CNS-GBM::SP23622	0.97	0.961
CNS-GBM::SP27939	0.975	0.967
CNS-GBM::SP23754	0.965	0.953
CNS-GBM::SP29697	0.973	0.97
CNS-GBM::SP27339	0.975	0.967
CNS-GBM::SP29559	0.95	0.95
CNS-GBM::SP29331	0.979	0.971
CNS-GBM::SP26475	0.959	0.95
CNS-GBM::SP23775	0.93	0.928
CNS-GBM::SP28275	0.974	0.967
CNS-GBM::SP28581	0.967	0.958
CNS-GBM::SP23639	0.967	0.953
CNS-GBM::SP24391	0.977	0.969
CNS-GBM::SP28041	0.978	0.973
CNS-GBM::SP25494	0.988	0.988
CNS-GBM::SP26649	0.977	0.972
CNS-Medullo::SP78927	0.94	0.941
CNS-Medullo::SP78913	0.913	0.926
CNS-Medullo::SP107375	0.967	0.969
CNS-Medullo::SP107408	0.977	0.98
CNS-Medullo::SP107439	0.93	0.927
CNS-Medullo::SP78816	0.918	0.921
CNS-Medullo::SP78663	0.944	0.953
CNS-Medullo::SP78709	0.944	0.956
CNS-Medullo::SP107462	0.969	0.966
CNS-Medullo::SP78951	0.95	0.952
CNS-Medullo::SP107435	0.977	0.978
CNS-Medullo::SP78679	0.976	0.979
CNS-Medullo::SP107360	0.981	0.983
CNS-Medullo::SP78819	0.911	0.921
CNS-Medullo::SP78821	0.924	0.931
CNS-Medullo::SP107552	0.956	0.957
CNS-Medullo::SP78865	0.948	0.947
CNS-Medullo::SP107470	0.952	0.961
CNS-Medullo::SP78673	0.946	0.942
CNS-Medullo::SP78824	0.926	0.913
CNS-Medullo::SP107550	0.906	0.933
CNS-Medullo::SP78718	0.978	0.977
CNS-Medullo::SP107451	0.926	0.935
CNS-Medullo::SP107557	0.901	0.93
CNS-Medullo::SP107358	0.977	0.972
CNS-Medullo::SP78731	0.928	0.936
CNS-Medullo::SP107455	0.924	0.918
CNS-Medullo::SP107549	0.943	0.934
CNS-Medullo::SP78814	0.929	0.934
CNS-Medullo::SP107357	0.972	0.973
CNS-Medullo::SP78919	0.929	0.937
CNS-Medullo::SP107453	0.942	0.948
CNS-Medullo::SP78719	0.884	0.9
CNS-Medullo::SP78662	0.941	0.942
CNS-Medullo::SP107457	0.943	0.956
CNS-Medullo::SP107404	0.974	0.975
CNS-Medullo::SP78714	0.921	0.936
CNS-Medullo::SP107454	0.962	0.965
CNS-Medullo::SP107359	0.982	0.98
CNS-Medullo::SP78664	0.922	0.927
CNS-Medullo::SP78931	0.958	0.963
CNS-Medullo::SP78815	0.893	0.904
CNS-Medullo::SP107466	0.976	0.981
CNS-Medullo::SP78901	0.962	0.961
CNS-Medullo::SP107384	0.936	0.94
CNS-Medullo::SP107467	0.924	0.924
CNS-Medullo::SP78680	0.928	0.93
CNS-Medullo::SP78672	0.915	0.921
CNS-Medullo::SP107365	0.971	0.975
CNS-Medullo::SP78660	0.904	0.901
CNS-Medullo::SP78659	0.952	0.956
CNS-Medullo::SP107449	0.936	0.941
CNS-Medullo::SP78813	0.946	0.959
CNS-Medullo::SP78953	0.887	0.888
CNS-Medullo::SP78804	0.951	0.956
CNS-Medullo::SP107460	0.94	0.943
CNS-Medullo::SP107548	0.953	0.958
CNS-Medullo::SP78730	0.969	0.965
CNS-Medullo::SP78727	0.963	0.967
CNS-Medullo::SP78822	0.964	0.969
CNS-Medullo::SP78818	0.935	0.958
CNS-Medullo::SP78923	0.91	0.927
CNS-Medullo::SP107405	0.961	0.963
CNS-Medullo::SP107437	0.957	0.955
CNS-Medullo::SP78675	0.939	0.941
CNS-Medullo::SP107371	0.976	0.979
CNS-Medullo::SP107556	0.964	0.966
CNS-Medullo::SP78807	0.963	0.955
CNS-Medullo::SP78945	0.936	0.946
CNS-Medullo::SP107480	0.948	0.95
CNS-Medullo::SP107448	0.962	0.957
CNS-Medullo::SP107436	0.941	0.948
CNS-Medullo::SP79150	0.954	0.957
CNS-Medullo::SP107546	0.979	0.982
CNS-Medullo::SP107459	0.964	0.961
CNS-Medullo::SP78823	0.967	0.972
CNS-Medullo::SP78666	0.973	0.974
CNS-Medullo::SP78721	0.955	0.962
CNS-Medullo::SP78665	0.926	0.937
CNS-Medullo::SP78935	0.927	0.927
CNS-Medullo::SP107458	0.937	0.945
CNS-Medullo::SP79160	0.968	0.964
CNS-Medullo::SP107479	0.947	0.949
CNS-Medullo::SP107377	0.977	0.98
CNS-Medullo::SP78937	0.941	0.938
CNS-Medullo::SP107444	0.906	0.931
CNS-Medullo::SP79144	0.967	0.969
CNS-Medullo::SP107469	0.885	0.912
CNS-Medullo::SP107373	0.968	0.969
CNS-Medullo::SP107406	0.958	0.959
CNS-Medullo::SP107369	0.963	0.957
CNS-Medullo::SP107403	0.972	0.972
CNS-Medullo::SP107363	0.965	0.97
CNS-Medullo::SP78955	0.96	0.962
CNS-Medullo::SP78677	0.969	0.978
CNS-Medullo::SP78805	0.944	0.955
CNS-Medullo::SP107461	0.947	0.958
CNS-Medullo::SP107472	0.916	0.927
CNS-Medullo::SP107356	0.983	0.984
CNS-Medullo::SP78825	0.936	0.933
CNS-Medullo::SP107468	0.945	0.949
CNS-Medullo::SP78851	0.97	0.968
CNS-Medullo::SP78726	0.956	0.967
CNS-Medullo::SP107379	0.976	0.973
CNS-Medullo::SP107474	0.91	0.926
CNS-Medullo::SP107438	0.921	0.915
CNS-Medullo::SP107478	0.941	0.944
CNS-Medullo::SP78716	0.977	0.98
CNS-Medullo::SP78676	0.979	0.975
CNS-Medullo::SP107443	0.882	0.903
CNS-Medullo::SP107361	0.982	0.983
CNS-Medullo::SP107464	0.967	0.96
CNS-Medullo::SP78717	0.968	0.973
CNS-Medullo::SP78671	0.958	0.952
CNS-Medullo::SP78817	0.918	0.941
CNS-Medullo::SP107381	0.977	0.978
CNS-Medullo::SP107463	0.979	0.977
CNS-Medullo::SP107477	0.948	0.948
CNS-Medullo::SP78661	0.978	0.978
CNS-Medullo::SP78939	0.958	0.968
CNS-Medullo::SP78674	0.97	0.956
CNS-Medullo::SP107553	0.929	0.939
CNS-Medullo::SP107555	0.902	0.925
CNS-Medullo::SP107446	0.917	0.923
CNS-Medullo::SP78713	0.956	0.955
CNS-Medullo::SP78720	0.897	0.893
CNS-Medullo::SP78947	0.96	0.963
CNS-Medullo::SP78875	0.948	0.955
CNS-Medullo::SP107554	0.954	0.961
CNS-Medullo::SP107407	0.972	0.969
CNS-Medullo::SP78820	0.944	0.953
CNS-Medullo::SP78668	0.941	0.964
CNS-Medullo::SP107547	0.929	0.932
CNS-Medullo::SP79148	0.976	0.978
CNS-Medullo::SP107386	0.979	0.979
CNS-Medullo::SP78921	0.91	0.91
CNS-Medullo::SP107545	0.963	0.958
CNS-Medullo::SP107440	0.967	0.974
CNS-Medullo::SP79066	0.96	0.965
CNS-Medullo::SP107473	0.897	0.917
CNS-Medullo::SP107362	0.977	0.975
CNS-Medullo::SP78722	0.87	0.878
CNS-Medullo::SP78729	0.896	0.922
CNS-Medullo::SP107441	0.949	0.958
CNS-Medullo::SP78873	0.949	0.954
CNS-Oligo::SP47708	0.965	0.952
CNS-Oligo::SP47990	0.96	0.948
CNS-Oligo::SP48414	0.962	0.957
CNS-Oligo::SP48135	0.983	0.977
CNS-Oligo::SP47652	0.97	0.964
CNS-Oligo::SP48888	0.929	0.925
CNS-Oligo::SP48426	0.951	0.94
CNS-Oligo::SP48480	0.94	0.938
CNS-Oligo::SP48263	0.96	0.955
CNS-Oligo::SP47628	0.92	0.95
CNS-Oligo::SP47808	0.96	0.953
CNS-Oligo::SP48850	0.963	0.968
CNS-Oligo::SP48189	0.949	0.943
CNS-Oligo::SP48073	0.972	0.965
CNS-Oligo::SP48008	0.96	0.951
CNS-Oligo::SP48504	0.962	0.952
CNS-Oligo::SP48534	0.952	0.942
CNS-Oligo::SP48010	0.941	0.939
CNS-PiloAstro::SP79237	0.913	0.912
CNS-PiloAstro::SP79462	0.823	0.878
CNS-PiloAstro::SP79201	0.906	0.92
CNS-PiloAstro::SP79439	0.841	0.88
CNS-PiloAstro::SP79175	0.889	0.895
CNS-PiloAstro::SP79354	0.897	0.9
CNS-PiloAstro::SP79312	0.935	0.934
CNS-PiloAstro::SP79252	0.908	0.912
CNS-PiloAstro::SP79294	0.949	0.953
CNS-PiloAstro::SP79246	0.888	0.884
CNS-PiloAstro::SP79458	0.902	0.913
CNS-PiloAstro::SP79222	0.932	0.923
CNS-PiloAstro::SP79178	0.869	0.895
CNS-PiloAstro::SP79474	0.914	0.925
CNS-PiloAstro::SP79387	0.907	0.924
CNS-PiloAstro::SP79306	0.847	0.87
CNS-PiloAstro::SP79210	0.828	0.856
CNS-PiloAstro::SP79427	0.912	0.937
CNS-PiloAstro::SP79297	0.923	0.92
CNS-PiloAstro::SP79368	0.844	0.907
CNS-PiloAstro::SP79300	0.879	0.906
CNS-PiloAstro::SP79435	0.908	0.907
CNS-PiloAstro::SP79288	0.888	0.919
CNS-PiloAstro::SP79447	0.853	0.886
CNS-PiloAstro::SP79377	0.948	0.949
CNS-PiloAstro::SP79330	0.923	0.927
CNS-PiloAstro::SP79391	0.952	0.954
CNS-PiloAstro::SP79395	0.93	0.92
CNS-PiloAstro::SP79195	0.9	0.916
CNS-PiloAstro::SP79318	0.907	0.917
CNS-PiloAstro::SP79282	0.98	0.978
CNS-PiloAstro::SP79431	0.897	0.91
CNS-PiloAstro::SP79172	0.872	0.88
CNS-PiloAstro::SP79234	0.916	0.93
CNS-PiloAstro::SP79345	0.942	0.935
CNS-PiloAstro::SP79342	0.902	0.908
CNS-PiloAstro::SP79415	0.931	0.935
CNS-PiloAstro::SP79407	0.94	0.94
CNS-PiloAstro::SP79374	0.893	0.909
CNS-PiloAstro::SP79336	0.962	0.958
CNS-PiloAstro::SP79380	0.949	0.946
CNS-PiloAstro::SP79455	0.864	0.901
CNS-PiloAstro::SP79181	0.905	0.928
CNS-PiloAstro::SP79207	0.844	0.861
CNS-PiloAstro::SP79190	0.95	0.954
CNS-PiloAstro::SP79303	0.93	0.936
CNS-PiloAstro::SP79258	0.899	0.921
CNS-PiloAstro::SP79249	0.891	0.904
CNS-PiloAstro::SP79423	0.952	0.945
CNS-PiloAstro::SP79219	0.931	0.934
CNS-PiloAstro::SP79240	0.938	0.934
CNS-PiloAstro::SP79255	0.843	0.866
CNS-PiloAstro::SP79443	0.873	0.899
CNS-PiloAstro::SP79285	0.94	0.931
CNS-PiloAstro::SP79470	0.933	0.929
CNS-PiloAstro::SP79309	0.881	0.866
CNS-PiloAstro::SP79383	0.942	0.934
CNS-PiloAstro::SP79187	0.938	0.926
CNS-PiloAstro::SP79315	0.94	0.953
CNS-PiloAstro::SP79264	0.894	0.914
CNS-PiloAstro::SP79333	0.916	0.876
CNS-PiloAstro::SP79204	0.957	0.966
CNS-PiloAstro::SP79419	0.911	0.911
CNS-PiloAstro::SP79198	0.917	0.918
CNS-PiloAstro::SP79411	0.868	0.904
CNS-PiloAstro::SP79451	0.833	0.847
CNS-PiloAstro::SP79231	0.905	0.897
CNS-PiloAstro::SP79225	0.828	0.86
CNS-PiloAstro::SP79267	0.91	0.921
Cervix-AdenoCA::SP109953	0.943	0.957
Cervix-AdenoCA::SP107650	0.983	0.988
Cervix-SCC::SP13206	0.992	0.991
Cervix-SCC::SP13078	0.994	0.992
Cervix-SCC::SP107607	0.987	0.986
Cervix-SCC::SP109941	0.963	0.967
Cervix-SCC::SP109801	0.985	0.985
Cervix-SCC::SP13072	0.994	0.994
Cervix-SCC::SP107595	0.989	0.99
Cervix-SCC::SP107640	0.994	0.994
Cervix-SCC::SP13084	0.961	0.98
Cervix-SCC::SP107603	0.992	0.99
Cervix-SCC::SP109957	0.994	0.994
Cervix-SCC::SP114020	0.994	0.995
Cervix-SCC::SP96540	0.99	0.989
Cervix-SCC::SP114032	0.983	0.988
Cervix-SCC::SP107624	0.988	0.99
Cervix-SCC::SP107575	0.98	0.984
Cervix-SCC::SP13242	0.995	0.995
Cervix-SCC::SP114016	0.994	0.992
ColoRect-AdenoCA::SP18310	0.991	0.988
ColoRect-AdenoCA::SP17172	0.978	0.973
ColoRect-AdenoCA::SP96133	0.968	0.962
ColoRect-AdenoCA::SP110242	0.964	0.958
ColoRect-AdenoCA::SP114330	0.987	0.986
ColoRect-AdenoCA::SP21017	0.973	0.966
ColoRect-AdenoCA::SP22383	0.921	0.906
ColoRect-AdenoCA::SP81312	0.989	0.992
ColoRect-AdenoCA::SP22031	0.997	0.997
ColoRect-AdenoCA::SP96112	0.982	0.981
ColoRect-AdenoCA::SP19215	0.932	0.962
ColoRect-AdenoCA::SP96120	0.96	0.957
ColoRect-AdenoCA::SP16886	0.996	0.997
ColoRect-AdenoCA::SP96124	0.979	0.981
ColoRect-AdenoCA::SP19295	0.994	0.995
ColoRect-AdenoCA::SP19670	0.979	0.979
ColoRect-AdenoCA::SP17905	0.994	0.997
ColoRect-AdenoCA::SP16934	0.981	0.962
ColoRect-AdenoCA::SP20993	0.959	0.959
ColoRect-AdenoCA::SP19983	0.938	0.936
ColoRect-AdenoCA::SP18121	0.912	0.928
ColoRect-AdenoCA::SP96122	0.973	0.973
ColoRect-AdenoCA::SP119755	0.978	0.979
ColoRect-AdenoCA::SP96126	0.974	0.973
ColoRect-AdenoCA::SP19606	0.977	0.94
ColoRect-AdenoCA::SP96118	0.983	0.98
ColoRect-AdenoCA::SP21528	0.98	0.98
ColoRect-AdenoCA::SP21400	0.981	0.991
ColoRect-AdenoCA::SP23078	0.947	0.956
ColoRect-AdenoCA::SP17430	0.978	0.976
ColoRect-AdenoCA::SP96110	0.982	0.979
ColoRect-AdenoCA::SP18946	0.993	0.996
ColoRect-AdenoCA::SP21057	0.978	0.973
ColoRect-AdenoCA::SP22750	0.987	0.987
ColoRect-AdenoCA::SP19750	0.978	0.977
ColoRect-AdenoCA::SP17016	0.979	0.978
ColoRect-AdenoCA::SP16958	0.98	0.981
ColoRect-AdenoCA::SP17329	0.982	0.981
ColoRect-AdenoCA::SP96116	0.982	0.981
ColoRect-AdenoCA::SP96129	0.982	0.972
ColoRect-AdenoCA::SP21193	0.96	0.958
ColoRect-AdenoCA::SP18787	0.979	0.98
ColoRect-AdenoCA::SP96114	0.979	0.978
ColoRect-AdenoCA::SP19582	0.967	0.963
ColoRect-AdenoCA::SP17294	0.983	0.967
ColoRect-AdenoCA::SP80367	0.9	0.919
ColoRect-AdenoCA::SP82087	0.97	0.968
ColoRect-AdenoCA::SP80615	0.996	0.998
ColoRect-AdenoCA::SP80271	0.982	0.962
ColoRect-AdenoCA::SP81172	0.959	0.958
ColoRect-AdenoCA::SP81840	0.974	0.974
ColoRect-AdenoCA::SP80657	0.985	0.981
ColoRect-AdenoCA::SP81494	0.938	0.927
ColoRect-AdenoCA::SP81711	0.971	0.974
ColoRect-AdenoCA::SP80423	0.986	0.985
ColoRect-AdenoCA::SP80754	0.951	0.963
ColoRect-AdenoCA::SP81440	0.985	0.985
ColoRect-AdenoCA::SP80950	0.981	0.981
ColoRect-AdenoCA::SP82103	0.975	0.97
ColoRect-AdenoCA::SP81137	0.913	0.911
Eso-AdenoCA::SP111062	0.98	0.966
Eso-AdenoCA::SP111006	0.972	0.931
Eso-AdenoCA::SP110846	0.971	0.975
Eso-AdenoCA::SP111086	0.986	0.957
Eso-AdenoCA::SP111096	0.988	0.934
Eso-AdenoCA::SP111058	0.997	0.972
Eso-AdenoCA::SP111092	0.987	0.946
Eso-AdenoCA::SP111076	0.97	0.968
Eso-AdenoCA::SP111098	0.982	0.961
Eso-AdenoCA::SP111039	0.97	0.975
Eso-AdenoCA::SP111052	0.975	0.932
Eso-AdenoCA::SP111166	0.994	0.958
Eso-AdenoCA::SP111014	0.982	0.945
Eso-AdenoCA::SP111066	0.986	0.947
Eso-AdenoCA::SP111094	0.985	0.953
Eso-AdenoCA::SP111015	0.988	0.944
Eso-AdenoCA::SP110853	0.993	0.964
Eso-AdenoCA::SP111051	0.974	0.949
Eso-AdenoCA::SP110855	0.991	0.964
Eso-AdenoCA::SP111004	0.971	0.963
Eso-AdenoCA::SP111078	0.979	0.951
Eso-AdenoCA::SP110863	0.99	0.952
Eso-AdenoCA::SP111013	0.986	0.964
Eso-AdenoCA::SP111042	0.966	0.96
Eso-AdenoCA::SP111040	0.975	0.943
Eso-AdenoCA::SP111031	0.991	0.968
Eso-AdenoCA::SP23496	0.987	0.96
Eso-AdenoCA::SP111030	0.992	0.966
Eso-AdenoCA::SP111019	0.992	0.926
Eso-AdenoCA::SP111026	0.997	0.97
Eso-AdenoCA::SP110860	0.993	0.966
Eso-AdenoCA::SP110851	0.974	0.961
Eso-AdenoCA::SP111059	0.991	0.969
Eso-AdenoCA::SP111170	0.982	0.931
Eso-AdenoCA::SP111054	0.988	0.97
Eso-AdenoCA::SP111033	0.986	0.956
Eso-AdenoCA::SP111113	0.993	0.961
Eso-AdenoCA::SP110865	0.991	0.968
Eso-AdenoCA::SP111061	0.983	0.96
Eso-AdenoCA::SP111101	0.977	0.967
Eso-AdenoCA::SP110859	0.986	0.912
Eso-AdenoCA::SP111168	0.977	0.971
Eso-AdenoCA::SP111067	0.987	0.973
Eso-AdenoCA::SP111036	0.975	0.971
Eso-AdenoCA::SP111116	0.984	0.963
Eso-AdenoCA::SP111099	0.987	0.961
Eso-AdenoCA::SP23502	0.986	0.947
Eso-AdenoCA::SP111069	0.98	0.969
Eso-AdenoCA::SP111043	0.992	0.964
Eso-AdenoCA::SP111024	0.988	0.963
Eso-AdenoCA::SP111011	0.991	0.945
Eso-AdenoCA::SP111082	0.99	0.948
Eso-AdenoCA::SP111074	0.997	0.978
Eso-AdenoCA::SP110845	0.984	0.949
Eso-AdenoCA::SP110857	0.98	0.968
Eso-AdenoCA::SP111017	0.993	0.959
Eso-AdenoCA::SP111080	0.979	0.952
Eso-AdenoCA::SP23506	0.975	0.96
Eso-AdenoCA::SP111075	0.983	0.953
Eso-AdenoCA::SP111112	0.988	0.96
Eso-AdenoCA::SP111001	0.993	0.976
Eso-AdenoCA::SP111027	0.978	0.977
Eso-AdenoCA::SP111117	0.984	0.975
Eso-AdenoCA::SP110842	0.982	0.957
Eso-AdenoCA::SP111173	0.992	0.957
Eso-AdenoCA::SP111008	0.978	0.951
Eso-AdenoCA::SP111070	0.974	0.976
Eso-AdenoCA::SP110847	0.969	0.96
Eso-AdenoCA::SP111077	0.991	0.971
Eso-AdenoCA::SP111091	0.984	0.94
Eso-AdenoCA::SP111072	0.972	0.965
Eso-AdenoCA::SP111084	0.964	0.934
Eso-AdenoCA::SP23504	0.99	0.99
Eso-AdenoCA::SP23500	0.995	0.965
Eso-AdenoCA::SP111029	0.981	0.981
Eso-AdenoCA::SP111175	0.992	0.981
Eso-AdenoCA::SP111049	0.989	0.971
Eso-AdenoCA::SP23498	0.987	0.972
Eso-AdenoCA::SP111002	0.987	0.955
Eso-AdenoCA::SP110866	0.987	0.93
Eso-AdenoCA::SP111035	0.973	0.956
Eso-AdenoCA::SP111009	0.993	0.95
Eso-AdenoCA::SP111114	0.991	0.969
Eso-AdenoCA::SP111000	0.993	0.963
Eso-AdenoCA::SP111045	0.941	0.936
Eso-AdenoCA::SP110861	0.978	0.951
Eso-AdenoCA::SP111047	0.985	0.973
Eso-AdenoCA::SP111088	0.991	0.963
Eso-AdenoCA::SP111056	0.985	0.943
Eso-AdenoCA::SP111089	0.986	0.976
Eso-AdenoCA::SP111038	0.984	0.963
Eso-AdenoCA::SP110849	0.988	0.958
Eso-AdenoCA::SP111164	0.989	0.97
Eso-AdenoCA::SP111057	0.982	0.97
Eso-AdenoCA::SP111119	0.987	0.953
Eso-AdenoCA::SP111095	0.985	0.954
Eso-AdenoCA::SP111064	0.98	0.971
Head-SCC::SP29914	0.967	0.965
Head-SCC::SP31046	0.972	0.983
Head-SCC::SP31334	0.991	0.993
Head-SCC::SP30011	0.928	0.94
Head-SCC::SP31174	0.971	0.973
Head-SCC::SP32662	0.992	0.99
Head-SCC::SP31126	0.95	0.958
Head-SCC::SP32958	0.993	0.959
Head-SCC::SP31422	0.981	0.978
Head-SCC::SP33496	0.997	0.996
Head-SCC::SP34005	0.968	0.977
Head-SCC::SP30113	0.983	0.983
Head-SCC::SP31030	0.991	0.992
Head-SCC::SP33544	0.97	0.965
Head-SCC::SP33688	0.997	0.996
Head-SCC::SP30907	0.979	0.979
Head-SCC::SP30185	0.99	0.992
Head-SCC::SP33837	0.987	0.991
Head-SCC::SP31790	0.977	0.985
Head-SCC::SP30143	0.977	0.984
Head-SCC::SP30071	0.941	0.93
Head-SCC::SP30493	0.996	0.996
Head-SCC::SP32014	0.97	0.978
Head-SCC::SP30332	0.981	0.983
Head-SCC::SP31814	0.984	0.983
Head-SCC::SP29987	0.97	0.968
Head-SCC::SP30083	0.984	0.986
Head-SCC::SP32742	0.99	0.989
Head-SCC::SP115162	0.992	0.992
Head-SCC::SP29940	0.985	0.99
Head-SCC::SP30843	0.952	0.974
Head-SCC::SP32222	0.958	0.965
Head-SCC::SP31190	0.96	0.965
Head-SCC::SP30077	0.981	0.977
Head-SCC::SP32694	0.977	0.968
Head-SCC::SP33774	0.975	0.982
Head-SCC::SP30093	0.984	0.987
Head-SCC::SP33094	0.989	0.986
Head-SCC::SP30803	0.997	0.996
Head-SCC::SP30675	0.98	0.981
Head-SCC::SP31854	0.988	0.985
Head-SCC::SP31606	0.96	0.975
Head-SCC::SP30213	0.993	0.992
Head-SCC::SP32894	0.962	0.971
Head-SCC::SP117260	0.968	0.966
Head-SCC::SP117124	0.983	0.988
Head-SCC::SP117932	0.988	0.988
Head-SCC::SP117189	0.972	0.973
Head-SCC::SP117217	0.942	0.949
Head-SCC::SP117779	0.979	0.984
Head-SCC::SP117376	0.967	0.975
Head-SCC::SP117681	0.973	0.975
Head-SCC::SP117408	0.984	0.99
Head-SCC::SP118015	0.977	0.983
Head-SCC::SP117509	0.988	0.99
Head-SCC::SP117482	0.993	0.992
Head-SCC::SP117003	0.99	0.989
Kidney-ChRCC::SP123975	0.973	0.978
Kidney-ChRCC::SP124044	0.963	0.956
Kidney-ChRCC::SP123972	0.99	0.975
Kidney-ChRCC::SP123850	0.968	0.967
Kidney-ChRCC::SP123902	0.947	0.954
Kidney-ChRCC::SP123884	0.952	0.954
Kidney-ChRCC::SP123964	0.963	0.962
Kidney-ChRCC::SP123995	0.965	0.974
Kidney-ChRCC::SP123846	0.966	0.959
Kidney-ChRCC::SP124003	0.946	0.955
Kidney-ChRCC::SP123876	0.961	0.957
Kidney-ChRCC::SP123878	0.951	0.953
Kidney-ChRCC::SP123842	0.946	0.963
Kidney-ChRCC::SP123900	0.96	0.959
Kidney-ChRCC::SP123978	0.956	0.949
Kidney-ChRCC::SP123897	0.948	0.949
Kidney-ChRCC::SP124013	0.975	0.968
Kidney-ChRCC::SP124021	0.964	0.958
Kidney-ChRCC::SP123852	0.969	0.965
Kidney-ChRCC::SP123998	0.966	0.96
Kidney-ChRCC::SP123967	0.963	0.952
Kidney-ChRCC::SP123988	0.981	0.985
Kidney-ChRCC::SP123984	0.97	0.962
Kidney-ChRCC::SP123858	0.969	0.965
Kidney-ChRCC::SP123890	0.969	0.967
Kidney-ChRCC::SP123950	0.94	0.937
Kidney-ChRCC::SP123886	0.946	0.938
Kidney-ChRCC::SP124033	0.976	0.976
Kidney-ChRCC::SP123892	0.981	0.978
Kidney-ChRCC::SP123840	0.982	0.979
Kidney-ChRCC::SP123969	0.952	0.955
Kidney-ChRCC::SP123953	0.962	0.97
Kidney-ChRCC::SP123955	0.956	0.958
Kidney-ChRCC::SP123882	0.977	0.977
Kidney-ChRCC::SP123894	0.979	0.978
Kidney-ChRCC::SP124017	0.962	0.968
Kidney-ChRCC::SP123856	0.927	0.928
Kidney-ChRCC::SP123854	0.969	0.97
Kidney-ChRCC::SP123888	0.959	0.949
Kidney-ChRCC::SP123870	0.966	0.962
Kidney-ChRCC::SP123958	0.94	0.95
Kidney-ChRCC::SP123844	0.955	0.956
Kidney-ChRCC::SP123872	0.973	0.973
Kidney-ChRCC::SP123874	0.96	0.963
Kidney-ChRCC::SP123836	0.978	0.971
Kidney-RCC::SP43633	0.929	0.927
Kidney-RCC::SP36498	0.977	0.977
Kidney-RCC::SP37516	0.975	0.975
Kidney-RCC::SP39997	0.976	0.974
Kidney-RCC::SP35617	0.977	0.976
Kidney-RCC::SP37636	0.969	0.969
Kidney-RCC::SP39907	0.973	0.972
Kidney-RCC::SP40736	0.984	0.983
Kidney-RCC::SP42154	0.978	0.975
Kidney-RCC::SP39594	0.98	0.981
Kidney-RCC::SP41453	0.977	0.976
Kidney-RCC::SP34452	0.984	0.987
Kidney-RCC::SP42829	0.979	0.979
Kidney-RCC::SP37970	0.979	0.974
Kidney-RCC::SP34186	0.984	0.981
Kidney-RCC::SP37903	0.962	0.962
Kidney-RCC::SP35849	0.971	0.968
Kidney-RCC::SP36586	0.966	0.968
Kidney-RCC::SP34431	0.97	0.964
Kidney-RCC::SP37432	0.98	0.978
Kidney-RCC::SP35989	0.965	0.964
Kidney-RCC::SP39102	0.976	0.977
Kidney-RCC::SP34493	0.97	0.971
Kidney-RCC::SP36036	0.983	0.984
Kidney-RCC::SP35951	0.981	0.981
Kidney-RCC::SP39248	0.962	0.969
Kidney-RCC::SP34246	0.983	0.984
Kidney-RCC::SP35412	0.984	0.985
Kidney-RCC::SP39298	0.981	0.978
Kidney-RCC::SP38044	0.985	0.983
Kidney-RCC::SP38271	0.966	0.966
Kidney-RCC::SP43201	0.974	0.972
Kidney-RCC::SP34191	0.973	0.968
Kidney-RCC::SP40047	0.982	0.981
Kidney-RCC::SP39349	0.98	0.98
Kidney-RCC::SP37369	0.987	0.986
Kidney-RCC::SP38759	0.983	0.981
Kidney-RCC::SP36218	0.966	0.965
Kidney-RCC::SP43510	0.961	0.957
Kidney-RCC::SP43770	0.983	0.982
Kidney-RCC::SP43651	0.984	0.981
Kidney-RCC::SP106656	0.97	0.967
Kidney-RCC::SP97249	0.979	0.979
Kidney-RCC::SP106638	0.979	0.977
Kidney-RCC::SP97161	0.971	0.967
Kidney-RCC::SP43696	0.97	0.967
Kidney-RCC::SP97113	0.979	0.978
Kidney-RCC::SP97124	0.983	0.983
Kidney-RCC::SP43808	0.968	0.963
Kidney-RCC::SP43822	0.934	0.926
Kidney-RCC::SP43514	0.967	0.965
Kidney-RCC::SP97258	0.977	0.977
Kidney-RCC::SP97194	0.98	0.98
Kidney-RCC::SP109470	0.975	0.971
Kidney-RCC::SP97278	0.969	0.963
Kidney-RCC::SP109544	0.974	0.968
Kidney-RCC::SP97104	0.968	0.96
Kidney-RCC::SP106577	0.968	0.964
Kidney-RCC::SP109457	0.986	0.987
Kidney-RCC::SP109478	0.972	0.961
Kidney-RCC::SP43688	0.967	0.967
Kidney-RCC::SP97243	0.964	0.955
Kidney-RCC::SP97269	0.969	0.961
Kidney-RCC::SP113926	0.971	0.966
Kidney-RCC::SP106560	0.967	0.966
Kidney-RCC::SP43792	0.972	0.969
Kidney-RCC::SP106602	0.973	0.967
Kidney-RCC::SP97145	0.969	0.97
Kidney-RCC::SP43664	0.984	0.984
Kidney-RCC::SP43532	0.977	0.974
Kidney-RCC::SP102816	0.971	0.973
Kidney-RCC::SP102795	0.984	0.983
Kidney-RCC::SP103197	0.981	0.978
Kidney-RCC::SP102827	0.983	0.981
Kidney-RCC::SP103233	0.981	0.977
Kidney-RCC::SP103507	0.96	0.958
Kidney-RCC::SP103100	0.975	0.978
Kidney-RCC::SP103416	0.975	0.976
Kidney-RCC::SP103005	0.977	0.975
Kidney-RCC::SP102759	0.986	0.985
Kidney-RCC::SP102741	0.975	0.975
Kidney-RCC::SP102945	0.981	0.979
Kidney-RCC::SP103826	0.976	0.978
Kidney-RCC::SP103706	0.968	0.968
Kidney-RCC::SP102897	0.922	0.94
Kidney-RCC::SP102881	0.97	0.973
Kidney-RCC::SP103715	0.979	0.976
Kidney-RCC::SP102929	0.981	0.979
Kidney-RCC::SP103619	0.966	0.968
Kidney-RCC::SP103844	0.976	0.975
Kidney-RCC::SP103128	0.979	0.978
Kidney-RCC::SP103300	0.977	0.976
Kidney-RCC::SP103057	0.987	0.986
Kidney-RCC::SP103340	0.983	0.983
Kidney-RCC::SP102913	0.979	0.979
Kidney-RCC::SP102783	0.982	0.984
Kidney-RCC::SP103080	0.966	0.967
Kidney-RCC::SP103436	0.972	0.97
Kidney-RCC::SP102804	0.985	0.983
Kidney-RCC::SP102957	0.993	0.993
Kidney-RCC::SP102873	0.945	0.939
Kidney-RCC::SP103213	0.979	0.98
Kidney-RCC::SP103467	0.953	0.95
Kidney-RCC::SP103261	0.982	0.982
Kidney-RCC::SP103156	0.982	0.98
Kidney-RCC::SP103288	0.965	0.964
Kidney-RCC::SP103444	0.965	0.968
Kidney-RCC::SP103685	0.97	0.967
Kidney-RCC::SP103140	0.987	0.985
Kidney-RCC::SP103673	0.977	0.975
Kidney-RCC::SP102839	0.975	0.977
Kidney-RCC::SP103245	0.981	0.981
Kidney-RCC::SP103037	0.979	0.979
Kidney-RCC::SP103408	0.985	0.983
Kidney-RCC::SP103021	0.98	0.979
Kidney-RCC::SP103679	0.966	0.962
Kidney-RCC::SP103065	0.985	0.983
Kidney-RCC::SP102965	0.983	0.981
Kidney-RCC::SP103221	0.983	0.984
Kidney-RCC::SP103547	0.984	0.986
Kidney-RCC::SP102973	0.957	0.957
Kidney-RCC::SP103515	0.977	0.977
Kidney-RCC::SP102747	0.947	0.944
Kidney-RCC::SP103730	0.982	0.979
Kidney-RCC::SP103535	0.987	0.987
Kidney-RCC::SP102718	0.981	0.982
Kidney-RCC::SP103483	0.968	0.969
Kidney-RCC::SP103428	0.984	0.984
Kidney-RCC::SP102755	0.98	0.978
Kidney-RCC::SP103694	0.98	0.979
Kidney-RCC::SP103595	0.979	0.979
Kidney-RCC::SP103396	0.956	0.965
Kidney-RCC::SP102716	0.983	0.981
Kidney-RCC::SP102733	0.958	0.948
Kidney-RCC::SP102989	0.98	0.982
Kidney-RCC::SP103603	0.979	0.978
Kidney-RCC::SP102921	0.972	0.971
Kidney-RCC::SP103742	0.985	0.981
Kidney-RCC::SP103555	0.917	0.919
Kidney-RCC::SP103523	0.971	0.974
Kidney-RCC::SP103575	0.97	0.972
Kidney-RCC::SP103045	0.986	0.984
Kidney-RCC::SP103455	0.979	0.978
Kidney-RCC::SP103856	0.968	0.97
Liver-HCC::SP97749	0.965	0.956
Liver-HCC::SP49235	0.95	0.941
Liver-HCC::SP50177	0.956	0.95
Liver-HCC::SP97775	0.957	0.89
Liver-HCC::SP97685	0.963	0.957
Liver-HCC::SP97747	0.971	0.965
Liver-HCC::SP97771	0.892	0.941
Liver-HCC::SP97681	0.972	0.965
Liver-HCC::SP98082	0.96	0.949
Liver-HCC::SP49334	0.973	0.971
Liver-HCC::SP49124	0.968	0.941
Liver-HCC::SP115501	0.953	0.941
Liver-HCC::SP98305	0.95	0.949
Liver-HCC::SP49247	0.957	0.948
Liver-HCC::SP49328	0.946	0.923
Liver-HCC::SP98092	0.955	0.949
Liver-HCC::SP120755	0.943	0.93
Liver-HCC::SP49417	0.94	0.934
Liver-HCC::SP49175	0.938	0.945
Liver-HCC::SP49223	0.93	0.933
Liver-HCC::SP49187	0.976	0.97
Liver-HCC::SP49157	0.934	0.921
Liver-HCC::SP49379	0.96	0.958
Liver-HCC::SP49541	0.933	0.931
Liver-HCC::SP98164	0.964	0.953
Liver-HCC::SP49481	0.968	0.962
Liver-HCC::SP98078	0.973	0.975
Liver-HCC::SP106677	0.951	0.943
Liver-HCC::SP106743	0.926	0.894
Liver-HCC::SP98359	0.972	0.969
Liver-HCC::SP98192	0.926	0.929
Liver-HCC::SP98053	0.961	0.954
Liver-HCC::SP106631	0.968	0.92
Liver-HCC::SP49551	0.976	0.973
Liver-HCC::SP49651	0.933	0.928
Liver-HCC::SP98265	0.912	0.91
Liver-HCC::SP98297	0.956	0.941
Liver-HCC::SP98060	0.95	0.947
Liver-HCC::SP98289	0.98	0.977
Liver-HCC::SP115498	0.949	0.942
Liver-HCC::SP98096	0.934	0.928
Liver-HCC::SP49114	0.963	0.955
Liver-HCC::SP98090	0.932	0.92
Liver-HCC::SP49286	0.965	0.955
Liver-HCC::SP49469	0.978	0.981
Liver-HCC::SP49205	0.945	0.945
Liver-HCC::SP98327	0.957	0.952
Liver-HCC::SP49449	0.923	0.916
Liver-HCC::SP49391	0.968	0.952
Liver-HCC::SP49531	0.955	0.95
Liver-HCC::SP49322	0.967	0.963
Liver-HCC::SP49433	0.941	0.947
Liver-HCC::SP109384	0.954	0.942
Liver-HCC::SP98065	0.925	0.908
Liver-HCC::SP49591	0.988	0.982
Liver-HCC::SP49385	0.969	0.967
Liver-HCC::SP98313	0.953	0.949
Liver-HCC::SP49119	0.958	0.949
Liver-HCC::SP109301	0.961	0.957
Liver-HCC::SP115830	0.946	0.933
Liver-HCC::SP49229	0.954	0.956
Liver-HCC::SP98853	0.989	0.968
Liver-HCC::SP98855	0.959	0.907
Liver-HCC::SP98859	0.931	0.931
Liver-HCC::SP98865	0.951	0.943
Liver-HCC::SP98879	0.97	0.942
Liver-HCC::SP98871	0.965	0.954
Liver-HCC::SP98867	0.981	0.942
Liver-HCC::SP98861	0.94	0.926
Liver-HCC::SP98877	0.982	0.949
Liver-HCC::SP98889	0.966	0.924
Liver-HCC::SP98887	0.965	0.915
Liver-HCC::SP98875	0.954	0.939
Liver-HCC::SP98851	0.937	0.944
Liver-HCC::SP98833	0.972	0.938
Liver-HCC::SP98873	0.978	0.945
Liver-HCC::SP98883	0.951	0.93
Liver-HCC::SP98849	0.958	0.94
Liver-HCC::SP98869	0.928	0.932
Liver-HCC::SP98893	0.941	0.916
Liver-HCC::SP98847	0.969	0.929
Liver-HCC::SP98881	0.957	0.953
Liver-HCC::SP98841	0.932	0.923
Liver-HCC::SP98845	0.963	0.914
Liver-HCC::SP98839	0.968	0.915
Liver-HCC::SP98843	0.96	0.95
Liver-HCC::SP98863	0.96	0.942
Liver-HCC::SP98891	0.979	0.898
Liver-HCC::SP98885	0.984	0.952
Liver-HCC::SP107047	0.977	0.941
Liver-HCC::SP107050	0.962	0.92
Liver-HCC::SP99261	0.937	0.906
Liver-HCC::SP107052	0.964	0.924
Liver-HCC::SP99269	0.953	0.93
Liver-HCC::SP99271	0.95	0.929
Liver-HCC::SP107056	0.961	0.94
Liver-HCC::SP107060	0.962	0.913
Liver-HCC::SP99279	0.974	0.928
Liver-HCC::SP107063	0.949	0.932
Liver-HCC::SP107068	0.966	0.925
Liver-HCC::SP107071	0.976	0.939
Liver-HCC::SP107073	0.901	0.909
Liver-HCC::SP98896	0.96	0.938
Liver-HCC::SP99003	0.983	0.95
Liver-HCC::SP107076	0.975	0.926
Liver-HCC::SP107078	0.965	0.925
Liver-HCC::SP107080	0.977	0.956
Liver-HCC::SP98898	0.968	0.936
Liver-HCC::SP107084	0.974	0.938
Liver-HCC::SP107088	0.953	0.913
Liver-HCC::SP107091	0.974	0.928
Liver-HCC::SP107094	0.958	0.931
Liver-HCC::SP112224	0.973	0.939
Liver-HCC::SP107097	0.976	0.933
Liver-HCC::SP107101	0.95	0.927
Liver-HCC::SP98900	0.964	0.93
Liver-HCC::SP107104	0.955	0.919
Liver-HCC::SP107109	0.962	0.944
Liver-HCC::SP107111	0.983	0.934
Liver-HCC::SP107115	0.923	0.927
Liver-HCC::SP98902	0.974	0.943
Liver-HCC::SP107119	0.962	0.923
Liver-HCC::SP98904	0.936	0.904
Liver-HCC::SP98909	0.965	0.941
Liver-HCC::SP107121	0.957	0.943
Liver-HCC::SP107123	0.954	0.915
Liver-HCC::SP98907	0.972	0.942
Liver-HCC::SP107132	0.935	0.927
Liver-HCC::SP107136	0.965	0.954
Liver-HCC::SP107141	0.968	0.915
Liver-HCC::SP98913	0.96	0.925
Liver-HCC::SP107146	0.959	0.904
Liver-HCC::SP107150	0.968	0.926
Liver-HCC::SP98915	0.96	0.928
Liver-HCC::SP107152	0.98	0.947
Liver-HCC::SP107155	0.961	0.937
Liver-HCC::SP112125	0.969	0.93
Liver-HCC::SP98921	0.973	0.928
Liver-HCC::SP112130	0.975	0.934
Liver-HCC::SP112133	0.953	0.918
Liver-HCC::SP98925	0.962	0.962
Liver-HCC::SP112138	0.934	0.917
Liver-HCC::SP112141	0.967	0.891
Liver-HCC::SP98927	0.961	0.948
Liver-HCC::SP112147	0.953	0.908
Liver-HCC::SP112152	0.923	0.904
Liver-HCC::SP112156	0.952	0.931
Liver-HCC::SP98933	0.969	0.932
Liver-HCC::SP112160	0.964	0.92
Liver-HCC::SP98937	0.955	0.941
Liver-HCC::SP112165	0.962	0.926
Liver-HCC::SP112168	0.972	0.934
Liver-HCC::SP98941	0.968	0.921
Liver-HCC::SP112170	0.976	0.939
Liver-HCC::SP112174	0.963	0.949
Liver-HCC::SP98945	0.977	0.935
Liver-HCC::SP112178	0.97	0.97
Liver-HCC::SP112180	0.958	0.904
Liver-HCC::SP98949	0.965	0.94
Liver-HCC::SP112182	0.966	0.922
Liver-HCC::SP98953	0.961	0.923
Liver-HCC::SP112186	0.953	0.95
Liver-HCC::SP98955	0.978	0.95
Liver-HCC::SP112188	0.979	0.974
Liver-HCC::SP112190	0.981	0.958
Liver-HCC::SP112192	0.966	0.939
Liver-HCC::SP112194	0.953	0.925
Liver-HCC::SP98959	0.951	0.929
Liver-HCC::SP112196	0.917	0.874
Liver-HCC::SP112198	0.979	0.955
Liver-HCC::SP112201	0.945	0.897
Liver-HCC::SP98965	0.963	0.936
Liver-HCC::SP112205	0.969	0.932
Liver-HCC::SP112208	0.944	0.948
Liver-HCC::SP98967	0.97	0.96
Liver-HCC::SP112210	0.959	0.935
Liver-HCC::SP112211	0.934	0.924
Liver-HCC::SP98973	0.963	0.908
Liver-HCC::SP112213	0.968	0.925
Liver-HCC::SP50097	0.967	0.87
Liver-HCC::SP112215	0.972	0.939
Liver-HCC::SP112217	0.981	0.94
Liver-HCC::SP98975	0.934	0.884
Liver-HCC::SP112219	0.955	0.929
Liver-HCC::SP112221	0.953	0.921
Liver-HCC::SP112228	0.964	0.941
Liver-HCC::SP50099	0.935	0.921
Liver-HCC::SP98981	0.979	0.943
Liver-HCC::SP112234	0.98	0.941
Liver-HCC::SP98985	0.969	0.941
Liver-HCC::SP112237	0.949	0.94
Liver-HCC::SP98989	0.97	0.962
Liver-HCC::SP112241	0.959	0.913
Liver-HCC::SP112245	0.97	0.933
Liver-HCC::SP98991	0.945	0.931
Liver-HCC::SP112248	0.988	0.945
Liver-HCC::SP112051	0.966	0.941
Liver-HCC::SP98997	0.972	0.937
Liver-HCC::SP112252	0.946	0.931
Liver-HCC::SP99001	0.959	0.921
Liver-HCC::SP112257	0.913	0.906
Liver-HCC::SP99007	0.947	0.923
Liver-HCC::SP112261	0.937	0.918
Liver-HCC::SP50101	0.957	0.934
Liver-HCC::SP112265	0.973	0.973
Liver-HCC::SP112268	0.965	0.961
Liver-HCC::SP99011	0.956	0.92
Liver-HCC::SP112269	0.964	0.939
Liver-HCC::SP99013	0.969	0.921
Liver-HCC::SP112273	0.964	0.933
Liver-HCC::SP112274	0.953	0.934
Liver-HCC::SP50105	0.975	0.946
Liver-HCC::SP112276	0.941	0.94
Liver-HCC::SP99019	0.954	0.91
Liver-HCC::SP99021	0.967	0.931
Liver-HCC::SP112283	0.959	0.936
Liver-HCC::SP112288	0.966	0.925
Liver-HCC::SP99025	0.969	0.937
Liver-HCC::SP112290	0.967	0.94
Liver-HCC::SP99029	0.976	0.946
Liver-HCC::SP99033	0.979	0.933
Liver-HCC::SP99037	0.923	0.916
Liver-HCC::SP99041	0.958	0.924
Liver-HCC::SP99045	0.963	0.933
Liver-HCC::SP112300	0.911	0.931
Liver-HCC::SP99049	0.979	0.955
Liver-HCC::SP112304	0.97	0.935
Liver-HCC::SP50107	0.967	0.931
Liver-HCC::SP112310	0.962	0.923
Liver-HCC::SP99053	0.962	0.955
Liver-HCC::SP99057	0.971	0.955
Liver-HCC::SP99061	0.979	0.892
Liver-HCC::SP50109	0.971	0.971
Liver-HCC::SP99065	0.945	0.932
Liver-HCC::SP106993	0.953	0.946
Liver-HCC::SP50111	0.93	0.931
Liver-HCC::SP99069	0.972	0.943
Liver-HCC::SP99073	0.961	0.946
Liver-HCC::SP99077	0.962	0.925
Liver-HCC::SP99081	0.971	0.924
Liver-HCC::SP99085	0.96	0.914
Liver-HCC::SP99089	0.957	0.948
Liver-HCC::SP99093	0.949	0.903
Liver-HCC::SP99097	0.915	0.928
Liver-HCC::SP99101	0.952	0.954
Liver-HCC::SP106998	0.95	0.909
Liver-HCC::SP99105	0.92	0.898
Liver-HCC::SP99109	0.971	0.872
Liver-HCC::SP50113	0.983	0.88
Liver-HCC::SP50115	0.945	0.922
Liver-HCC::SP50117	0.955	0.942
Liver-HCC::SP107004	0.957	0.935
Liver-HCC::SP99117	0.945	0.927
Liver-HCC::SP99121	0.979	0.952
Liver-HCC::SP107007	0.942	0.922
Liver-HCC::SP99125	0.962	0.927
Liver-HCC::SP99129	0.95	0.945
Liver-HCC::SP99133	0.969	0.935
Liver-HCC::SP50119	0.956	0.921
Liver-HCC::SP99137	0.981	0.94
Liver-HCC::SP50121	0.966	0.923
Liver-HCC::SP50123	0.966	0.926
Liver-HCC::SP99141	0.985	0.925
Liver-HCC::SP50125	0.922	0.89
Liver-HCC::SP99145	0.915	0.941
Liver-HCC::SP99149	0.96	0.928
Liver-HCC::SP50129	0.967	0.921
Liver-HCC::SP99153	0.977	0.947
Liver-HCC::SP99157	0.944	0.901
Liver-HCC::SP99161	0.962	0.923
Liver-HCC::SP99165	0.961	0.919
Liver-HCC::SP50131	0.98	0.944
Liver-HCC::SP50133	0.976	0.924
Liver-HCC::SP99169	0.945	0.922
Liver-HCC::SP50135	0.973	0.938
Liver-HCC::SP50137	0.96	0.949
Liver-HCC::SP99173	0.968	0.939
Liver-HCC::SP99177	0.96	0.92
Liver-HCC::SP99181	0.966	0.966
Liver-HCC::SP50139	0.945	0.936
Liver-HCC::SP107010	0.955	0.921
Liver-HCC::SP99189	0.93	0.918
Liver-HCC::SP50141	0.884	0.864
Liver-HCC::SP99193	0.965	0.928
Liver-HCC::SP50145	0.971	0.934
Liver-HCC::SP50147	0.962	0.941
Liver-HCC::SP107012	0.949	0.924
Liver-HCC::SP50149	0.962	0.921
Liver-HCC::SP107017	0.969	0.937
Liver-HCC::SP107019	0.972	0.933
Liver-HCC::SP107023	0.982	0.932
Liver-HCC::SP50151	0.961	0.934
Liver-HCC::SP50153	0.966	0.934
Liver-HCC::SP99197	0.972	0.917
Liver-HCC::SP50155	0.96	0.92
Liver-HCC::SP99201	0.947	0.928
Liver-HCC::SP50157	0.97	0.928
Liver-HCC::SP99205	0.939	0.942
Liver-HCC::SP50159	0.974	0.94
Liver-HCC::SP50161	0.96	0.939
Liver-HCC::SP107025	0.969	0.941
Liver-HCC::SP107028	0.967	0.936
Liver-HCC::SP50163	0.97	0.923
Liver-HCC::SP99217	0.943	0.938
Liver-HCC::SP50165	0.964	0.934
Liver-HCC::SP107030	0.975	0.945
Liver-HCC::SP50167	0.976	0.947
Liver-HCC::SP99229	0.973	0.923
Liver-HCC::SP99233	0.974	0.972
Liver-HCC::SP107032	0.933	0.925
Liver-HCC::SP50169	0.974	0.939
Liver-HCC::SP50171	0.977	0.948
Liver-HCC::SP50173	0.958	0.932
Liver-HCC::SP50175	0.898	0.883
Liver-HCC::SP107034	0.969	0.939
Liver-HCC::SP50179	0.97	0.936
Liver-HCC::SP99237	0.977	0.938
Liver-HCC::SP107037	0.959	0.959
Liver-HCC::SP107041	0.966	0.922
Liver-HCC::SP50181	0.965	0.933
Liver-HCC::SP99249	0.974	0.934
Liver-HCC::SP99253	0.965	0.936
Liver-HCC::SP50183	0.908	0.887
Liver-HCC::SP99257	0.979	0.945
Liver-HCC::SP107044	0.967	0.932
Liver-HCC::SP50185	0.969	0.961
Lung-AdenoCA::SP53460	0.981	0.983
Lung-AdenoCA::SP50827	0.985	0.992
Lung-AdenoCA::SP50263	0.979	0.976
Lung-AdenoCA::SP50317	0.995	0.988
Lung-AdenoCA::SP54113	0.985	0.985
Lung-AdenoCA::SP50406	0.931	0.952
Lung-AdenoCA::SP51824	0.99	0.989
Lung-AdenoCA::SP55387	0.972	0.974
Lung-AdenoCA::SP52779	0.986	0.986
Lung-AdenoCA::SP55235	0.987	0.987
Lung-AdenoCA::SP50713	0.992	0.991
Lung-AdenoCA::SP50611	0.985	0.986
Lung-AdenoCA::SP50485	0.962	0.966
Lung-AdenoCA::SP51037	0.969	0.967
Lung-AdenoCA::SP55142	0.988	0.988
Lung-AdenoCA::SP53387	0.993	0.993
Lung-AdenoCA::SP54745	0.991	0.974
Lung-AdenoCA::SP52284	0.969	0.972
Lung-AdenoCA::SP53618	0.983	0.984
Lung-AdenoCA::SP52232	0.984	0.986
Lung-AdenoCA::SP50412	0.942	0.94
Lung-AdenoCA::SP50321	0.976	0.979
Lung-AdenoCA::SP53548	0.985	0.973
Lung-AdenoCA::SP55004	0.942	0.948
Lung-AdenoCA::SP56079	0.993	0.994
Lung-AdenoCA::SP56168	0.998	0.998
Lung-AdenoCA::SP54363	0.988	0.989
Lung-AdenoCA::SP53810	0.994	0.994
Lung-AdenoCA::SP50518	0.98	0.98
Lung-AdenoCA::SP56303	0.99	0.988
Lung-AdenoCA::SP55711	0.984	0.983
Lung-AdenoCA::SP55509	0.98	0.981
Lung-AdenoCA::SP55309	0.965	0.968
Lung-AdenoCA::SP52607	0.966	0.966
Lung-AdenoCA::SP52667	0.985	0.99
Lung-AdenoCA::SP51446	0.966	0.972
Lung-AdenoCA::SP50592	0.971	0.969
Lung-AdenoCA::SP53073	0.982	0.961
Lung-SCC::SP56638	0.981	0.981
Lung-SCC::SP56537	0.957	0.955
Lung-SCC::SP57586	0.969	0.965
Lung-SCC::SP56541	0.988	0.988
Lung-SCC::SP56553	0.997	0.995
Lung-SCC::SP56771	0.975	0.972
Lung-SCC::SP57941	0.976	0.976
Lung-SCC::SP57818	0.983	0.984
Lung-SCC::SP56460	0.982	0.978
Lung-SCC::SP56474	0.977	0.97
Lung-SCC::SP56704	0.978	0.979
Lung-SCC::SP56533	0.973	0.971
Lung-SCC::SP56730	0.976	0.974
Lung-SCC::SP59245	0.99	0.987
Lung-SCC::SP57024	0.976	0.975
Lung-SCC::SP57933	0.982	0.981
Lung-SCC::SP56754	0.98	0.979
Lung-SCC::SP56827	0.981	0.98
Lung-SCC::SP57084	0.981	0.98
Lung-SCC::SP57538	0.973	0.971
Lung-SCC::SP57735	0.981	0.979
Lung-SCC::SP57669	0.978	0.976
Lung-SCC::SP56566	0.996	0.996
Lung-SCC::SP56569	0.978	0.977
Lung-SCC::SP58342	0.96	0.986
Lung-SCC::SP58349	0.961	0.954
Lung-SCC::SP56644	0.978	0.978
Lung-SCC::SP57629	0.946	0.944
Lung-SCC::SP56941	0.995	0.993
Lung-SCC::SP57619	0.978	0.977
Lung-SCC::SP58245	0.97	0.97
Lung-SCC::SP57251	0.979	0.977
Lung-SCC::SP56502	0.986	0.984
Lung-SCC::SP58668	0.978	0.976
Lung-SCC::SP58101	0.974	0.973
Lung-SCC::SP58991	0.97	0.969
Lung-SCC::SP56607	0.973	0.972
Lung-SCC::SP58326	0.972	0.97
Lung-SCC::SP57267	0.975	0.975
Lung-SCC::SP57066	0.983	0.983
Lung-SCC::SP57901	0.979	0.976
Lung-SCC::SP57651	0.979	0.972
Lung-SCC::SP57450	0.98	0.973
Lung-SCC::SP57846	0.995	0.993
Lung-SCC::SP58612	0.961	0.971
Lung-SCC::SP56821	0.969	0.972
Lung-SCC::SP58882	0.973	0.971
Lung-SCC::SP57189	0.982	0.983
Lymph-BNHL::SP127630	0.967	0.97
Lymph-BNHL::SP127634	0.982	0.976
Lymph-BNHL::SP127636	0.989	0.989
Lymph-BNHL::SP127628	0.974	0.97
Lymph-BNHL::SP127640	0.978	0.979
Lymph-BNHL::SP127638	0.967	0.969
Lymph-BNHL::SP127632	0.971	0.977
Lymph-BNHL::SP59388	0.977	0.972
Lymph-BNHL::SP116649	0.969	0.978
Lymph-BNHL::SP59416	0.941	0.939
Lymph-BNHL::SP124977	0.971	0.963
Lymph-BNHL::SP59356	0.957	0.943
Lymph-BNHL::SP116612	0.972	0.96
Lymph-BNHL::SP116659	0.907	0.899
Lymph-BNHL::SP116668	0.969	0.949
Lymph-BNHL::SP116630	0.97	0.968
Lymph-BNHL::SP59412	0.982	0.974
Lymph-BNHL::SP116686	0.977	0.976
Lymph-BNHL::SP116694	0.914	0.905
Lymph-BNHL::SP116712	0.949	0.953
Lymph-BNHL::SP116726	0.969	0.954
Lymph-BNHL::SP116723	0.938	0.936
Lymph-BNHL::SP59276	0.959	0.967
Lymph-BNHL::SP116703	0.967	0.969
Lymph-BNHL::SP59312	0.976	0.976
Lymph-BNHL::SP116701	0.96	0.967
Lymph-BNHL::SP59296	0.954	0.948
Lymph-BNHL::SP59280	0.97	0.955
Lymph-BNHL::SP59344	0.977	0.968
Lymph-BNHL::SP59460	0.955	0.964
Lymph-BNHL::SP59404	0.958	0.95
Lymph-BNHL::SP116709	0.928	0.954
Lymph-BNHL::SP59448	0.96	0.953
Lymph-BNHL::SP116614	0.978	0.975
Lymph-BNHL::SP59464	0.94	0.935
Lymph-BNHL::SP59364	0.958	0.951
Lymph-BNHL::SP116663	0.963	0.944
Lymph-BNHL::SP59444	0.945	0.955
Lymph-BNHL::SP116690	0.983	0.963
Lymph-BNHL::SP59270	0.956	0.961
Lymph-BNHL::SP59352	0.934	0.911
Lymph-BNHL::SP116652	0.963	0.964
Lymph-BNHL::SP116715	0.978	0.975
Lymph-BNHL::SP116718	0.973	0.977
Lymph-BNHL::SP116720	0.931	0.94
Lymph-BNHL::SP59284	0.966	0.967
Lymph-BNHL::SP116618	0.972	0.976
Lymph-BNHL::SP59436	0.931	0.932
Lymph-BNHL::SP116645	0.949	0.948
Lymph-BNHL::SP59320	0.953	0.948
Lymph-BNHL::SP116672	0.944	0.944
Lymph-BNHL::SP116635	0.952	0.953
Lymph-BNHL::SP59328	0.971	0.956
Lymph-BNHL::SP116627	0.946	0.96
Lymph-BNHL::SP116725	0.975	0.974
Lymph-BNHL::SP59292	0.951	0.933
Lymph-BNHL::SP116683	0.966	0.966
Lymph-BNHL::SP59372	0.93	0.948
Lymph-BNHL::SP116610	0.957	0.921
Lymph-BNHL::SP116638	0.962	0.958
Lymph-BNHL::SP59336	0.964	0.965
Lymph-BNHL::SP124971	0.982	0.984
Lymph-BNHL::SP116665	0.952	0.954
Lymph-BNHL::SP116674	0.958	0.945
Lymph-BNHL::SP116657	0.962	0.937
Lymph-BNHL::SP116670	0.958	0.961
Lymph-BNHL::SP116642	0.955	0.94
Lymph-BNHL::SP116606	0.935	0.955
Lymph-BNHL::SP116604	0.945	0.917
Lymph-BNHL::SP59376	0.956	0.965
Lymph-BNHL::SP59272	0.966	0.964
Lymph-BNHL::SP124969	0.976	0.971
Lymph-BNHL::SP116608	0.956	0.957
Lymph-BNHL::SP59396	0.959	0.96
Lymph-BNHL::SP116688	0.936	0.941
Lymph-BNHL::SP59392	0.949	0.952
Lymph-BNHL::SP59456	0.953	0.965
Lymph-BNHL::SP59348	0.926	0.91
Lymph-BNHL::SP59300	0.974	0.974
Lymph-BNHL::SP59340	0.954	0.948
Lymph-BNHL::SP59380	0.915	0.901
Lymph-BNHL::SP59440	0.971	0.979
Lymph-BNHL::SP59428	0.958	0.954
Lymph-BNHL::SP59400	0.957	0.969
Lymph-BNHL::SP116624	0.96	0.953
Lymph-BNHL::SP59432	0.941	0.936
Lymph-BNHL::SP59452	0.963	0.945
Lymph-BNHL::SP116679	0.932	0.938
Lymph-BNHL::SP116676	0.978	0.979
Lymph-BNHL::SP59360	0.979	0.963
Lymph-BNHL::SP59384	0.975	0.958
Lymph-BNHL::SP59332	0.974	0.971
Lymph-BNHL::SP116616	0.902	0.889
Lymph-BNHL::SP124981	0.982	0.981
Lymph-BNHL::SP59368	0.987	0.972
Lymph-BNHL::SP116648	0.961	0.962
Lymph-BNHL::SP59420	0.916	0.907
Lymph-BNHL::SP116706	0.954	0.941
Lymph-BNHL::SP116654	0.943	0.937
Lymph-BNHL::SP59308	0.965	0.965
Lymph-BNHL::SP59288	0.975	0.979
Lymph-BNHL::SP116622	0.948	0.953
Lymph-BNHL::SP59316	0.954	0.947
Lymph-BNHL::SP59324	0.946	0.954
Lymph-BNHL::SP116697	0.92	0.937
Lymph-BNHL::SP59304	0.93	0.934
Lymph-BNHL::SP116620	0.973	0.973
Lymph-CLL::SP13289	0.952	0.944
Lymph-CLL::SP116742	0.912	0.917
Lymph-CLL::SP115134	0.939	0.947
Lymph-CLL::SP96884	0.94	0.955
Lymph-CLL::SP13385	0.969	0.96
Lymph-CLL::SP13291	0.946	0.944
Lymph-CLL::SP13514	0.961	0.957
Lymph-CLL::SP115117	0.955	0.952
Lymph-CLL::SP115114	0.968	0.964
Lymph-CLL::SP13279	0.875	0.861
Lymph-CLL::SP13487	0.938	0.929
Lymph-CLL::SP13361	0.961	0.956
Lymph-CLL::SP13421	0.947	0.941
Lymph-CLL::SP116738	0.954	0.952
Lymph-CLL::SP13293	0.956	0.949
Lymph-CLL::SP13281	0.948	0.942
Lymph-CLL::SP13677	0.935	0.94
Lymph-CLL::SP13399	0.939	0.926
Lymph-CLL::SP116732	0.952	0.945
Lymph-CLL::SP115073	0.914	0.922
Lymph-CLL::SP13307	0.945	0.945
Lymph-CLL::SP13299	0.932	0.931
Lymph-CLL::SP13481	0.925	0.947
Lymph-CLL::SP116780	0.94	0.92
Lymph-CLL::SP13433	0.908	0.882
Lymph-CLL::SP115064	0.957	0.948
Lymph-CLL::SP13359	0.954	0.961
Lymph-CLL::SP116734	0.97	0.95
Lymph-CLL::SP116770	0.927	0.921
Lymph-CLL::SP13323	0.941	0.95
Lymph-CLL::SP13367	0.967	0.964
Lymph-CLL::SP96882	0.931	0.917
Lymph-CLL::SP13283	0.918	0.927
Lymph-CLL::SP116728	0.941	0.946
Lymph-CLL::SP13478	0.928	0.92
Lymph-CLL::SP116744	0.951	0.95
Lymph-CLL::SP115093	0.959	0.947
Lymph-CLL::SP13315	0.9	0.926
Lymph-CLL::SP13331	0.944	0.951
Lymph-CLL::SP115108	0.966	0.964
Lymph-CLL::SP116752	0.946	0.936
Lymph-CLL::SP115085	0.948	0.928
Lymph-CLL::SP115102	0.951	0.948
Lymph-CLL::SP13379	0.947	0.939
Lymph-CLL::SP116750	0.971	0.969
Lymph-CLL::SP115125	0.93	0.941
Lymph-CLL::SP115089	0.958	0.957
Lymph-CLL::SP13297	0.935	0.914
Lymph-CLL::SP13339	0.942	0.945
Lymph-CLL::SP13671	0.948	0.942
Lymph-CLL::SP116776	0.945	0.937
Lymph-CLL::SP13683	0.965	0.966
Lymph-CLL::SP116758	0.963	0.959
Lymph-CLL::SP116782	0.959	0.959
Lymph-CLL::SP13317	0.933	0.924
Lymph-CLL::SP115128	0.956	0.961
Lymph-CLL::SP116754	0.953	0.945
Lymph-CLL::SP116766	0.972	0.974
Lymph-CLL::SP116748	0.957	0.944
Lymph-CLL::SP115070	0.944	0.942
Lymph-CLL::SP115131	0.922	0.921
Lymph-CLL::SP115097	0.916	0.912
Lymph-CLL::SP115060	0.965	0.961
Lymph-CLL::SP13594	0.963	0.965
Lymph-CLL::SP96834	0.918	0.925
Lymph-CLL::SP115057	0.949	0.95
Lymph-CLL::SP116768	0.959	0.956
Lymph-CLL::SP13442	0.956	0.945
Lymph-CLL::SP13325	0.944	0.935
Lymph-CLL::SP116736	0.948	0.926
Lymph-CLL::SP13619	0.946	0.957
Lymph-CLL::SP115111	0.963	0.956
Lymph-CLL::SP116760	0.954	0.956
Lymph-CLL::SP13311	0.948	0.945
Lymph-CLL::SP13509	0.935	0.944
Lymph-CLL::SP13539	0.936	0.927
Lymph-CLL::SP13624	0.948	0.95
Lymph-CLL::SP116746	0.97	0.972
Lymph-CLL::SP13490	0.963	0.961
Lymph-CLL::SP116774	0.96	0.948
Lymph-CLL::SP115105	0.947	0.953
Lymph-CLL::SP13278	0.959	0.948
Lymph-CLL::SP116756	0.943	0.934
Lymph-CLL::SP13319	0.934	0.934
Lymph-CLL::SP13280	0.928	0.907
Lymph-CLL::SP13363	0.938	0.925
Lymph-CLL::SP13347	0.941	0.93
Lymph-CLL::SP116730	0.951	0.944
Lymph-CLL::SP13365	0.939	0.94
Lymph-CLL::SP115099	0.964	0.957
Lymph-CLL::SP116764	0.947	0.934
Lymph-CLL::SP116772	0.937	0.935
Lymph-CLL::SP96888	0.939	0.933
Lymph-CLL::SP13327	0.945	0.944
Lymph-CLL::SP116740	0.968	0.964
Myeloid-AML::SP116788	0.946	0.962
Myeloid-AML::SP116789	0.883	0.919
Myeloid-AML::SP109002	0.966	0.973
Myeloid-AML::SP109001	0.908	0.915
Myeloid-AML::SP109006	0.951	0.966
Myeloid-AML::SP108998	0.978	0.978
Myeloid-AML::SP127706	0.983	0.987
Myeloid-AML::SP108999	0.961	0.968
Myeloid-AML::SP109007	0.956	0.96
Myeloid-AML::SP109003	0.932	0.936
Myeloid-MDS::SP116868	0.951	0.961
Myeloid-MDS::SP116794	0.948	0.949
Myeloid-MDS::SP116791	0.913	0.925
Myeloid-MDS::SP116866	0.94	0.95
Myeloid-MPN::SP116883	0.905	0.911
Myeloid-MPN::SP116815	0.965	0.97
Myeloid-MPN::SP116853	0.936	0.944
Myeloid-MPN::SP116901	0.879	0.901
Myeloid-MPN::SP116830	0.878	0.923
Myeloid-MPN::SP116802	0.885	0.907
Myeloid-MPN::SP116885	0.9	0.907
Myeloid-MPN::SP116834	0.927	0.932
Myeloid-MPN::SP116913	0.933	0.953
Myeloid-MPN::SP116799	0.907	0.911
Myeloid-MPN::SP116920	0.847	0.876
Myeloid-MPN::SP116835	0.968	0.97
Myeloid-MPN::SP116852	0.94	0.955
Myeloid-MPN::SP116902	0.89	0.91
Myeloid-MPN::SP116871	0.868	0.885
Myeloid-MPN::SP116820	0.909	0.934
Myeloid-MPN::SP116889	0.898	0.906
Myeloid-MPN::SP116923	0.944	0.944
Myeloid-MPN::SP116829	0.874	0.918
Myeloid-MPN::SP116872	0.883	0.887
Myeloid-MPN::SP116904	0.906	0.913
Myeloid-MPN::SP116806	0.936	0.954
Myeloid-MPN::SP116857	0.933	0.956
Myeloid-MPN::SP116888	0.933	0.931
Myeloid-MPN::SP116818	0.926	0.937
Myeloid-MPN::SP116837	0.934	0.946
Myeloid-MPN::SP116905	0.861	0.887
Myeloid-MPN::SP116804	0.934	0.956
Myeloid-MPN::SP116819	0.89	0.902
Myeloid-MPN::SP116856	0.931	0.952
Myeloid-MPN::SP116839	0.956	0.967
Myeloid-MPN::SP116925	0.89	0.915
Myeloid-MPN::SP116878	0.958	0.956
Myeloid-MPN::SP116893	0.939	0.933
Myeloid-MPN::SP116876	0.92	0.931
Myeloid-MPN::SP116927	0.917	0.938
Myeloid-MPN::SP116909	0.924	0.946
Myeloid-MPN::SP116795	0.918	0.929
Myeloid-MPN::SP116826	0.957	0.963
Myeloid-MPN::SP116891	0.942	0.949
Myeloid-MPN::SP116860	0.916	0.947
Myeloid-MPN::SP116848	0.91	0.933
Myeloid-MPN::SP116910	0.906	0.925
Myeloid-MPN::SP116797	0.889	0.9
Myeloid-MPN::SP116862	0.935	0.953
Myeloid-MPN::SP116823	0.941	0.95
Myeloid-MPN::SP116897	0.888	0.901
Myeloid-MPN::SP116846	0.9	0.928
Myeloid-MPN::SP116896	0.857	0.87
Myeloid-MPN::SP116824	0.941	0.958
Myeloid-MPN::SP116881	0.935	0.933
Myeloid-MPN::SP116812	0.96	0.964
Myeloid-MPN::SP116915	0.949	0.96
Myeloid-MPN::SP116786	0.919	0.942
Myeloid-MPN::SP116851	0.924	0.945
Ovary-AdenoCA::SP101845	0.963	0.958
Ovary-AdenoCA::SP101682	0.97	0.968
Ovary-AdenoCA::SP61553	0.931	0.933
Ovary-AdenoCA::SP101724	0.943	0.94
Ovary-AdenoCA::SP102103	0.949	0.953
Ovary-AdenoCA::SP102174	0.975	0.971
Ovary-AdenoCA::SP101622	0.969	0.965
Ovary-AdenoCA::SP102161	0.977	0.973
Ovary-AdenoCA::SP101654	0.966	0.963
Ovary-AdenoCA::SP102074	0.981	0.975
Ovary-AdenoCA::SP101694	0.955	0.948
Ovary-AdenoCA::SP101616	0.943	0.937
Ovary-AdenoCA::SP101666	0.978	0.977
Ovary-AdenoCA::SP101558	0.968	0.965
Ovary-AdenoCA::SP102096	0.955	0.959
Ovary-AdenoCA::SP102084	0.959	0.96
Ovary-AdenoCA::SP101580	0.969	0.965
Ovary-AdenoCA::SP102064	0.971	0.969
Ovary-AdenoCA::SP101564	0.988	0.982
Ovary-AdenoCA::SP101921	0.975	0.968
Ovary-AdenoCA::SP101648	0.957	0.958
Ovary-AdenoCA::SP101628	0.969	0.961
Ovary-AdenoCA::SP101708	0.969	0.967
Ovary-AdenoCA::SP102055	0.951	0.949
Ovary-AdenoCA::SP101634	0.973	0.968
Ovary-AdenoCA::SP101588	0.971	0.961
Ovary-AdenoCA::SP101584	0.96	0.968
Ovary-AdenoCA::SP101686	0.965	0.961
Ovary-AdenoCA::SP101532	0.969	0.968
Ovary-AdenoCA::SP101732	0.919	0.922
Ovary-AdenoCA::SP101528	0.956	0.959
Ovary-AdenoCA::SP101536	0.971	0.968
Ovary-AdenoCA::SP101576	0.981	0.976
Ovary-AdenoCA::SP102015	0.959	0.954
Ovary-AdenoCA::SP102168	0.966	0.969
Ovary-AdenoCA::SP101716	0.971	0.96
Ovary-AdenoCA::SP101592	0.959	0.956
Ovary-AdenoCA::SP101658	0.951	0.954
Ovary-AdenoCA::SP102045	0.971	0.969
Ovary-AdenoCA::SP101552	0.936	0.935
Ovary-AdenoCA::SP101519	0.962	0.958
Ovary-AdenoCA::SP101690	0.947	0.957
Ovary-AdenoCA::SP102123	0.962	0.96
Ovary-AdenoCA::SP101662	0.975	0.972
Ovary-AdenoCA::SP101600	0.97	0.968
Ovary-AdenoCA::SP101544	0.96	0.961
Ovary-AdenoCA::SP102133	0.961	0.871
Ovary-AdenoCA::SP101881	0.929	0.926
Ovary-AdenoCA::SP102035	0.98	0.977
Ovary-AdenoCA::SP101642	0.969	0.969
Ovary-AdenoCA::SP101596	0.973	0.964
Ovary-AdenoCA::SP101670	0.981	0.978
Ovary-AdenoCA::SP101674	0.971	0.97
Ovary-AdenoCA::SP101572	0.971	0.975
Ovary-AdenoCA::SP101678	0.987	0.987
Ovary-AdenoCA::SP101740	0.984	0.981
Ovary-AdenoCA::SP101700	0.971	0.969
Ovary-AdenoCA::SP101891	0.977	0.973
Ovary-AdenoCA::SP102143	0.982	0.981
Ovary-AdenoCA::SP102113	0.98	0.977
Ovary-AdenoCA::SP101521	0.977	0.97
Ovary-AdenoCA::SP101526	0.992	0.988
Ovary-AdenoCA::SP101540	0.977	0.982
Ovary-AdenoCA::SP101604	0.974	0.973
Ovary-AdenoCA::SP101548	0.972	0.967
Ovary-AdenoCA::SP101523	0.98	0.979
Ovary-AdenoCA::SP102090	0.97	0.966
Ovary-AdenoCA::SP101795	0.98	0.977
Ovary-AdenoCA::SP102187	0.96	0.954
Ovary-AdenoCA::SP101515	0.987	0.986
Ovary-AdenoCA::SP101931	0.979	0.977
Ovary-AdenoCA::SP101610	0.948	0.949
Ovary-AdenoCA::SP61703	0.969	0.967
Ovary-AdenoCA::SP59707	0.963	0.969
Ovary-AdenoCA::SP68659	0.967	0.962
Ovary-AdenoCA::SP62616	0.965	0.961
Ovary-AdenoCA::SP59761	0.962	0.957
Ovary-AdenoCA::SP66960	0.957	0.957
Ovary-AdenoCA::SP61453	0.969	0.968
Ovary-AdenoCA::SP63796	0.969	0.964
Ovary-AdenoCA::SP69155	0.959	0.965
Ovary-AdenoCA::SP59950	0.963	0.959
Ovary-AdenoCA::SP59938	0.968	0.968
Ovary-AdenoCA::SP64976	0.958	0.949
Ovary-AdenoCA::SP64296	0.958	0.954
Ovary-AdenoCA::SP65807	0.962	0.961
Ovary-AdenoCA::SP59803	0.951	0.944
Ovary-AdenoCA::SP66159	0.959	0.956
Ovary-AdenoCA::SP63356	0.967	0.968
Ovary-AdenoCA::SP68348	0.987	0.985
Ovary-AdenoCA::SP62450	0.964	0.959
Ovary-AdenoCA::SP67428	0.966	0.966
Ovary-AdenoCA::SP61713	0.963	0.963
Ovary-AdenoCA::SP68725	0.964	0.961
Ovary-AdenoCA::SP67609	0.973	0.97
Ovary-AdenoCA::SP62110	0.953	0.961
Ovary-AdenoCA::SP64546	0.964	0.963
Ovary-AdenoCA::SP63546	0.973	0.968
Ovary-AdenoCA::SP60322	0.981	0.977
Ovary-AdenoCA::SP60243	0.971	0.967
Ovary-AdenoCA::SP63966	0.982	0.981
Ovary-AdenoCA::SP60362	0.964	0.966
Ovary-AdenoCA::SP69077	0.975	0.972
Ovary-AdenoCA::SP67346	0.958	0.965
Ovary-AdenoCA::SP66687	0.961	0.956
Ovary-AdenoCA::SP63716	0.967	0.968
Ovary-AdenoCA::SP65376	0.986	0.987
Ovary-AdenoCA::SP61343	0.952	0.957
Ovary-AdenoCA::SP60001	0.966	0.96
Ovary-AdenoCA::SP59860	0.963	0.963
Ovary-AdenoCA::SP60610	0.969	0.966
Ovary-AdenoCA::SP64036	0.976	0.974
Ovary-AdenoCA::SP60842	0.958	0.96
Panc-AdenoCA::SP77443	0.968	0.967
Panc-AdenoCA::SP72118	0.977	0.978
Panc-AdenoCA::SP76891	0.978	0.984
Panc-AdenoCA::SP125732	0.988	0.945
Panc-AdenoCA::SP125716	0.97	0.97
Panc-AdenoCA::SP125746	0.985	0.988
Panc-AdenoCA::SP125797	0.979	0.979
Panc-AdenoCA::SP76057	0.955	0.948
Panc-AdenoCA::SP69565	0.979	0.969
Panc-AdenoCA::SP75202	0.976	0.975
Panc-AdenoCA::SP110736	0.975	0.976
Panc-AdenoCA::SP107774	0.969	0.969
Panc-AdenoCA::SP110779	0.964	0.954
Panc-AdenoCA::SP107805	0.981	0.955
Panc-AdenoCA::SP110789	0.966	0.962
Panc-AdenoCA::SP71846	0.967	0.959
Panc-AdenoCA::SP70122	0.947	0.946
Panc-AdenoCA::SP71404	0.957	0.958
Panc-AdenoCA::SP76955	0.971	0.968
Panc-AdenoCA::SP107781	0.978	0.979
Panc-AdenoCA::SP70202	0.978	0.973
Panc-AdenoCA::SP70677	0.964	0.963
Panc-AdenoCA::SP70082	0.965	0.964
Panc-AdenoCA::SP70288	0.963	0.941
Panc-AdenoCA::SP70266	0.964	0.963
Panc-AdenoCA::SP107956	0.99	0.988
Panc-AdenoCA::SP70956	0.963	0.961
Panc-AdenoCA::SP108017	0.988	0.977
Panc-AdenoCA::SP71536	0.963	0.966
Panc-AdenoCA::SP70756	0.979	0.978
Panc-AdenoCA::SP76675	0.975	0.962
Panc-AdenoCA::SP71480	0.967	0.967
Panc-AdenoCA::SP70313	0.996	0.995
Panc-AdenoCA::SP73319	0.972	0.977
Panc-AdenoCA::SP107813	0.972	0.97
Panc-AdenoCA::SP77339	0.977	0.972
Panc-AdenoCA::SP76017	0.996	0.997
Panc-AdenoCA::SP76915	0.993	0.942
Panc-AdenoCA::SP71974	0.968	0.96
Panc-AdenoCA::SP70178	0.987	0.987
Panc-AdenoCA::SP107920	0.963	0.955
Panc-AdenoCA::SP110798	0.98	0.98
Panc-AdenoCA::SP107952	0.969	0.973
Panc-AdenoCA::SP70465	0.968	0.97
Panc-AdenoCA::SP70780	0.972	0.973
Panc-AdenoCA::SP110803	0.939	0.932
Panc-AdenoCA::SP107915	0.98	0.979
Panc-AdenoCA::SP71132	0.961	0.963
Panc-AdenoCA::SP71552	0.977	0.96
Panc-AdenoCA::SP69573	0.986	0.986
Panc-AdenoCA::SP75681	0.966	0.968
Panc-AdenoCA::SP107874	0.97	0.933
Panc-AdenoCA::SP110816	0.96	0.962
Panc-AdenoCA::SP77203	0.966	0.959
Panc-AdenoCA::SP76515	0.974	0.973
Panc-AdenoCA::SP110770	0.956	0.951
Panc-AdenoCA::SP69812	0.975	0.975
Panc-AdenoCA::SP76136	0.975	0.916
Panc-AdenoCA::SP70106	0.961	0.956
Panc-AdenoCA::SP108059	0.969	0.964
Panc-AdenoCA::SP108020	0.965	0.963
Panc-AdenoCA::SP76867	0.973	0.975
Panc-AdenoCA::SP108088	0.974	0.972
Panc-AdenoCA::SP71734	0.965	0.965
Panc-AdenoCA::SP76001	0.973	0.972
Panc-AdenoCA::SP108033	0.978	0.977
Panc-AdenoCA::SP110822	0.986	0.982
Panc-AdenoCA::SP69762	0.974	0.966
Panc-AdenoCA::SP107945	0.968	0.964
Panc-AdenoCA::SP107770	0.973	0.973
Panc-AdenoCA::SP73263	0.97	0.967
Panc-AdenoCA::SP77131	0.965	0.962
Panc-AdenoCA::SP75322	0.945	0.94
Panc-AdenoCA::SP70046	0.976	0.977
Panc-AdenoCA::SP70932	0.967	0.973
Panc-AdenoCA::SP71758	0.975	0.974
Panc-AdenoCA::SP71228	0.98	0.981
Panc-AdenoCA::SP76353	0.963	0.946
Panc-AdenoCA::SP69587	0.982	0.982
Panc-AdenoCA::SP69898	0.968	0.969
Panc-AdenoCA::SP75977	0.968	0.954
Panc-AdenoCA::SP70226	0.98	0.974
Panc-AdenoCA::SP108068	0.981	0.978
Panc-AdenoCA::SP107784	0.951	0.951
Panc-AdenoCA::SP110824	0.983	0.985
Panc-AdenoCA::SP76843	0.975	0.976
Panc-AdenoCA::SP71456	0.985	0.982
Panc-AdenoCA::SP108065	0.972	0.972
Panc-AdenoCA::SP70860	0.979	0.979
Panc-AdenoCA::SP71084	0.98	0.975
Panc-AdenoCA::SP72262	0.977	0.977
Panc-AdenoCA::SP69705	0.984	0.979
Panc-AdenoCA::SP107786	0.979	0.979
Panc-AdenoCA::SP71576	0.984	0.982
Panc-AdenoCA::SP108123	0.982	0.979
Panc-AdenoCA::SP74896	0.974	0.97
Panc-AdenoCA::SP71950	0.982	0.982
Panc-AdenoCA::SP108049	0.978	0.975
Panc-AdenoCA::SP116965	0.968	0.965
Panc-AdenoCA::SP77930	0.968	0.963
Panc-AdenoCA::SP125807	0.983	0.982
Panc-AdenoCA::SP125696	0.982	0.969
Panc-AdenoCA::SP125725	0.982	0.978
Panc-AdenoCA::SP125752	0.957	0.959
Panc-AdenoCA::SP118048	0.983	0.952
Panc-AdenoCA::SP117981	0.962	0.974
Panc-AdenoCA::SP125749	0.976	0.972
Panc-AdenoCA::SP125762	0.966	0.967
Panc-AdenoCA::SP117164	0.979	0.979
Panc-AdenoCA::SP117002	0.982	0.984
Panc-AdenoCA::SP117158	0.968	0.969
Panc-AdenoCA::SP125691	0.974	0.97
Panc-AdenoCA::SP125721	0.969	0.966
Panc-AdenoCA::SP125753	0.981	0.981
Panc-AdenoCA::SP117972	0.969	0.97
Panc-AdenoCA::SP125726	0.982	0.983
Panc-AdenoCA::SP125800	0.95	0.948
Panc-AdenoCA::SP117745	0.975	0.973
Panc-AdenoCA::SP117351	0.973	0.971
Panc-AdenoCA::SP117980	0.963	0.97
Panc-AdenoCA::SP117878	0.971	0.97
Panc-AdenoCA::SP125805	0.986	0.983
Panc-AdenoCA::SP78013	0.964	0.962
Panc-AdenoCA::SP118083	0.968	0.964
Panc-AdenoCA::SP125772	0.967	0.965
Panc-AdenoCA::SP117216	0.965	0.954
Panc-AdenoCA::SP125784	0.986	0.986
Panc-AdenoCA::SP117323	0.979	0.966
Panc-AdenoCA::SP118046	0.975	0.975
Panc-AdenoCA::SP77888	0.972	0.971
Panc-AdenoCA::SP125766	0.983	0.983
Panc-AdenoCA::SP125737	0.978	0.967
Panc-AdenoCA::SP125763	0.965	0.96
Panc-AdenoCA::SP125802	0.979	0.977
Panc-AdenoCA::SP117656	0.979	0.974
Panc-AdenoCA::SP77872	0.973	0.973
Panc-AdenoCA::SP117309	0.978	0.978
Panc-AdenoCA::SP117201	0.971	0.971
Panc-AdenoCA::SP125685	0.978	0.976
Panc-AdenoCA::SP117463	0.977	0.979
Panc-AdenoCA::SP117568	0.983	0.981
Panc-AdenoCA::SP125717	0.972	0.969
Panc-AdenoCA::SP125707	0.989	0.991
Panc-AdenoCA::SP125794	0.956	0.958
Panc-AdenoCA::SP125756	0.987	0.977
Panc-AdenoCA::SP117441	0.984	0.984
Panc-AdenoCA::SP125780	0.976	0.977
Panc-AdenoCA::SP125764	0.975	0.971
Panc-AdenoCA::SP117690	0.979	0.977
Panc-AdenoCA::SP125742	0.96	0.96
Panc-AdenoCA::SP125804	0.967	0.965
Panc-AdenoCA::SP125695	0.976	0.977
Panc-AdenoCA::SP77986	0.985	0.985
Panc-AdenoCA::SP125689	0.956	0.914
Panc-AdenoCA::SP117523	0.974	0.974
Panc-AdenoCA::SP125694	0.982	0.983
Panc-AdenoCA::SP125745	0.964	0.965
Panc-AdenoCA::SP117001	0.98	0.982
Panc-AdenoCA::SP117949	0.974	0.975
Panc-AdenoCA::SP117653	0.976	0.979
Panc-AdenoCA::SP117522	0.975	0.975
Panc-AdenoCA::SP125710	0.971	0.971
Panc-AdenoCA::SP117214	0.972	0.976
Panc-AdenoCA::SP125768	0.944	0.926
Panc-AdenoCA::SP117722	0.982	0.981
Panc-AdenoCA::SP125699	0.978	0.979
Panc-AdenoCA::SP125771	0.972	0.968
Panc-AdenoCA::SP125719	0.986	0.984
Panc-AdenoCA::SP117648	0.963	0.959
Panc-AdenoCA::SP125760	0.978	0.977
Panc-AdenoCA::SP125770	0.972	0.863
Panc-AdenoCA::SP77956	0.972	0.973
Panc-AdenoCA::SP125785	0.986	0.978
Panc-AdenoCA::SP125706	0.978	0.975
Panc-AdenoCA::SP125705	0.981	0.98
Panc-AdenoCA::SP125715	0.973	0.974
Panc-AdenoCA::SP116962	0.946	0.957
Panc-AdenoCA::SP117660	0.968	0.969
Panc-AdenoCA::SP117643	0.968	0.959
Panc-AdenoCA::SP125713	0.993	0.988
Panc-AdenoCA::SP117760	0.98	0.981
Panc-AdenoCA::SP116968	0.97	0.969
Panc-AdenoCA::SP125775	0.961	0.961
Panc-AdenoCA::SP125731	0.968	0.972
Panc-AdenoCA::SP125733	0.972	0.971
Panc-AdenoCA::SP78502	0.977	0.981
Panc-AdenoCA::SP125791	0.977	0.981
Panc-AdenoCA::SP125755	0.974	0.978
Panc-AdenoCA::SP117340	0.968	0.972
Panc-AdenoCA::SP125781	0.98	0.981
Panc-AdenoCA::SP125783	0.98	0.982
Panc-AdenoCA::SP116950	0.979	0.978
Panc-AdenoCA::SP125712	0.988	0.988
Panc-AdenoCA::SP125786	0.96	0.956
Panc-AdenoCA::SP125693	0.972	0.975
Panc-AdenoCA::SP116949	0.979	0.981
Panc-AdenoCA::SP78533	0.963	0.966
Panc-AdenoCA::SP117215	0.968	0.968
Panc-AdenoCA::SP117040	0.984	0.983
Panc-AdenoCA::SP117476	0.968	0.957
Panc-AdenoCA::SP116985	0.971	0.972
Panc-AdenoCA::SP125769	0.958	0.957
Panc-AdenoCA::SP125778	0.988	0.983
Panc-AdenoCA::SP117440	0.968	0.966
Panc-AdenoCA::SP125730	0.967	0.966
Panc-AdenoCA::SP125686	0.97	0.973
Panc-AdenoCA::SP125758	0.987	0.987
Panc-AdenoCA::SP77848	0.975	0.976
Panc-AdenoCA::SP117974	0.986	0.985
Panc-AdenoCA::SP117911	0.979	0.978
Panc-AdenoCA::SP117165	0.986	0.984
Panc-AdenoCA::SP117412	0.981	0.977
Panc-AdenoCA::SP117650	0.97	0.969
Panc-AdenoCA::SP117076	0.965	0.967
Panc-AdenoCA::SP125757	0.967	0.966
Panc-AdenoCA::SP125711	0.957	0.956
Panc-AdenoCA::SP125811	0.975	0.965
Panc-AdenoCA::SP125723	0.962	0.961
Panc-AdenoCA::SP125809	0.958	0.957
Panc-AdenoCA::SP125722	0.97	0.958
Panc-AdenoCA::SP117908	0.978	0.978
Panc-AdenoCA::SP125741	0.961	0.964
Panc-AdenoCA::SP125724	0.972	0.968
Panc-AdenoCA::SP117037	0.965	0.967
Panc-AdenoCA::SP125777	0.967	0.961
Panc-AdenoCA::SP117291	0.97	0.969
Panc-AdenoCA::SP125793	0.961	0.962
Panc-AdenoCA::SP125744	0.969	0.969
Panc-AdenoCA::SP125795	0.974	0.968
Panc-AdenoCA::SP125703	0.967	0.97
Panc-AdenoCA::SP125761	0.973	0.97
Panc-AdenoCA::SP117661	0.963	0.961
Panc-AdenoCA::SP125776	0.979	0.98
Panc-AdenoCA::SP117261	0.971	0.973
Panc-AdenoCA::SP125698	0.975	0.969
Panc-AdenoCA::SP125714	0.981	0.978
Panc-AdenoCA::SP77972	0.99	0.989
Panc-AdenoCA::SP77866	0.981	0.982
Panc-AdenoCA::SP125704	0.967	0.959
Panc-AdenoCA::SP117290	0.953	0.955
Panc-AdenoCA::SP125738	0.981	0.987
Panc-Endocrine::SP135427	0.963	0.965
Panc-Endocrine::SP135403	0.891	0.903
Panc-Endocrine::SP102557	0.953	0.951
Panc-Endocrine::SP106801	0.956	0.944
Panc-Endocrine::SP106758	0.947	0.948
Panc-Endocrine::SP106808	0.961	0.954
Panc-Endocrine::SP102617	0.931	0.921
Panc-Endocrine::SP102605	0.953	0.96
Panc-Endocrine::SP117086	0.876	0.866
Panc-Endocrine::SP117700	0.958	0.949
Panc-Endocrine::SP135339	0.965	0.963
Panc-Endocrine::SP135324	0.955	0.952
Panc-Endocrine::SP102529	0.961	0.961
Panc-Endocrine::SP102507	0.978	0.976
Panc-Endocrine::SP102485	0.93	0.925
Panc-Endocrine::SP117043	0.972	0.972
Panc-Endocrine::SP135496	0.968	0.969
Panc-Endocrine::SP117228	0.963	0.964
Panc-Endocrine::SP118044	0.88	0.866
Panc-Endocrine::SP117984	0.938	0.919
Panc-Endocrine::SP135346	0.962	0.954
Panc-Endocrine::SP135492	0.994	0.995
Panc-Endocrine::SP102573	0.905	0.922
Panc-Endocrine::SP135460	0.962	0.956
Panc-Endocrine::SP117667	0.965	0.951
Panc-Endocrine::SP106815	0.959	0.955
Panc-Endocrine::SP106734	0.956	0.957
Panc-Endocrine::SP117796	0.963	0.964
Panc-Endocrine::SP102537	0.958	0.959
Panc-Endocrine::SP135334	0.964	0.964
Panc-Endocrine::SP102517	0.944	0.949
Panc-Endocrine::SP117493	0.916	0.915
Panc-Endocrine::SP106722	0.952	0.944
Panc-Endocrine::SP135434	0.964	0.959
Panc-Endocrine::SP106753	0.908	0.906
Panc-Endocrine::SP102523	0.963	0.967
Panc-Endocrine::SP102591	0.952	0.944
Panc-Endocrine::SP102547	0.967	0.962
Panc-Endocrine::SP118043	0.989	0.985
Panc-Endocrine::SP135478	0.938	0.933
Panc-Endocrine::SP102561	0.958	0.939
Panc-Endocrine::SP135274	0.956	0.958
Panc-Endocrine::SP106797	0.943	0.961
Panc-Endocrine::SP135488	0.961	0.955
Panc-Endocrine::SP135480	0.942	0.936
Panc-Endocrine::SP135455	0.945	0.947
Panc-Endocrine::SP135389	0.961	0.957
Panc-Endocrine::SP102597	0.997	0.997
Panc-Endocrine::SP102489	0.95	0.949
Panc-Endocrine::SP135410	0.946	0.951
Panc-Endocrine::SP135372	0.905	0.892
Panc-Endocrine::SP117223	0.944	0.935
Panc-Endocrine::SP135328	0.995	0.995
Panc-Endocrine::SP135444	0.867	0.886
Panc-Endocrine::SP106750	0.935	0.909
Panc-Endocrine::SP102511	0.963	0.959
Panc-Endocrine::SP102541	0.968	0.963
Panc-Endocrine::SP102567	0.972	0.974
Panc-Endocrine::SP117595	0.953	0.956
Panc-Endocrine::SP135440	0.939	0.94
Panc-Endocrine::SP135296	0.967	0.963
Panc-Endocrine::SP117294	0.925	0.919
Panc-Endocrine::SP135363	0.965	0.962
Panc-Endocrine::SP102499	0.968	0.961
Panc-Endocrine::SP117951	0.956	0.959
Panc-Endocrine::SP117085	0.95	0.941
Panc-Endocrine::SP106669	0.967	0.956
Panc-Endocrine::SP135316	0.952	0.947
Panc-Endocrine::SP135305	0.961	0.98
Panc-Endocrine::SP102581	0.937	0.932
Panc-Endocrine::SP106718	0.943	0.943
Panc-Endocrine::SP135451	0.995	0.993
Panc-Endocrine::SP135354	0.943	0.953
Panc-Endocrine::SP102611	0.951	0.953
Panc-Endocrine::SP135448	0.949	0.928
Panc-Endocrine::SP117758	0.967	0.98
Panc-Endocrine::SP135282	0.959	0.957
Panc-Endocrine::SP135288	0.999	0.999
Panc-Endocrine::SP135475	0.945	0.948
Panc-Endocrine::SP135416	0.942	0.939
Panc-Endocrine::SP117331	0.974	0.978
Panc-Endocrine::SP135468	0.925	0.914
Panc-Endocrine::SP135463	0.952	0.941
Panc-Endocrine::SP135422	0.977	0.977
Panc-Endocrine::SP135484	0.949	0.957
Prost-AdenoCA::SP23435	0.972	0.971
Prost-AdenoCA::SP112829	0.97	0.973
Prost-AdenoCA::SP112947	0.974	0.98
Prost-AdenoCA::SP112985	0.941	0.948
Prost-AdenoCA::SP112925	0.927	0.929
Prost-AdenoCA::SP112937	0.973	0.971
Prost-AdenoCA::SP112989	0.965	0.967
Prost-AdenoCA::SP111145	0.984	0.983
Prost-AdenoCA::SP111143	0.973	0.969
Prost-AdenoCA::SP111144	0.979	0.976
Prost-AdenoCA::SP116296	0.956	0.963
Prost-AdenoCA::SP116254	0.979	0.977
Prost-AdenoCA::SP116256	0.98	0.976
Prost-AdenoCA::SP116274	0.976	0.976
Prost-AdenoCA::SP116259	0.969	0.969
Prost-AdenoCA::SP116290	0.961	0.961
Prost-AdenoCA::SP116258	0.976	0.975
Prost-AdenoCA::SP116261	0.954	0.946
Prost-AdenoCA::SP23463	0.958	0.96
Prost-AdenoCA::SP116268	0.967	0.965
Prost-AdenoCA::SP23471	0.978	0.976
Prost-AdenoCA::SP116266	0.976	0.974
Prost-AdenoCA::SP116264	0.977	0.978
Prost-AdenoCA::SP116269	0.973	0.969
Prost-AdenoCA::SP116275	0.975	0.976
Prost-AdenoCA::SP23447	0.962	0.963
Prost-AdenoCA::SP116255	0.977	0.975
Prost-AdenoCA::SP23455	0.963	0.967
Prost-AdenoCA::SP23475	0.97	0.969
Prost-AdenoCA::SP116227	0.971	0.974
Prost-AdenoCA::SP116226	0.965	0.965
Prost-AdenoCA::SP23443	0.982	0.978
Prost-AdenoCA::SP116260	0.97	0.969
Prost-AdenoCA::SP116280	0.968	0.967
Prost-AdenoCA::SP116224	0.968	0.97
Prost-AdenoCA::SP116249	0.883	0.899
Prost-AdenoCA::SP116232	0.944	0.941
Prost-AdenoCA::SP116251	0.933	0.941
Prost-AdenoCA::SP116272	0.97	0.971
Prost-AdenoCA::SP116286	0.963	0.958
Prost-AdenoCA::SP116282	0.963	0.962
Prost-AdenoCA::SP116288	0.955	0.937
Prost-AdenoCA::SP23467	0.969	0.97
Prost-AdenoCA::SP116263	0.949	0.951
Prost-AdenoCA::SP116292	0.957	0.957
Prost-AdenoCA::SP116248	0.958	0.962
Prost-AdenoCA::SP116276	0.939	0.952
Prost-AdenoCA::SP116265	0.977	0.976
Prost-AdenoCA::SP116267	0.977	0.976
Prost-AdenoCA::SP116253	0.97	0.968
Prost-AdenoCA::SP23481	0.958	0.95
Prost-AdenoCA::SP116233	0.977	0.974
Prost-AdenoCA::SP116284	0.975	0.973
Prost-AdenoCA::SP116270	0.966	0.96
Prost-AdenoCA::SP116257	0.974	0.972
Prost-AdenoCA::SP116298	0.939	0.931
Prost-AdenoCA::SP116294	0.957	0.952
Prost-AdenoCA::SP23439	0.975	0.972
Prost-AdenoCA::SP23483	0.873	0.913
Prost-AdenoCA::SP116262	0.951	0.949
Prost-AdenoCA::SP116228	0.964	0.96
Prost-AdenoCA::SP116222	0.972	0.974
Prost-AdenoCA::SP23451	0.977	0.976
Prost-AdenoCA::SP116247	0.957	0.964
Prost-AdenoCA::SP116225	0.965	0.96
Prost-AdenoCA::SP116273	0.976	0.974
Prost-AdenoCA::SP116221	0.973	0.971
Prost-AdenoCA::SP116271	0.963	0.96
Prost-AdenoCA::SP23459	0.976	0.974
Prost-AdenoCA::SP23479	0.977	0.976
Prost-AdenoCA::SP116223	0.981	0.976
Prost-AdenoCA::SP116229	0.973	0.971
Prost-AdenoCA::SP23477	0.966	0.963
Prost-AdenoCA::SP116252	0.97	0.966
Prost-AdenoCA::SP23431	0.951	0.96
Prost-AdenoCA::SP116231	0.97	0.966
Prost-AdenoCA::SP116250	0.94	0.936
Prost-AdenoCA::SP112815	0.972	0.969
Prost-AdenoCA::SP112799	0.978	0.973
Prost-AdenoCA::SP112835	0.969	0.966
Prost-AdenoCA::SP112955	0.945	0.948
Prost-AdenoCA::SP112807	0.969	0.965
Prost-AdenoCA::SP112953	0.964	0.963
Prost-AdenoCA::SP112911	0.98	0.977
Prost-AdenoCA::SP112847	0.956	0.954
Prost-AdenoCA::SP112859	0.972	0.974
Prost-AdenoCA::SP112919	0.97	0.971
Prost-AdenoCA::SP102652	0.975	0.977
Prost-AdenoCA::SP112981	0.978	0.975
Prost-AdenoCA::SP102620	0.954	0.956
Prost-AdenoCA::SP112987	0.975	0.973
Prost-AdenoCA::SP112825	0.979	0.972
Prost-AdenoCA::SP112967	0.919	0.931
Prost-AdenoCA::SP102622	0.97	0.965
Prost-AdenoCA::SP112785	0.968	0.964
Prost-AdenoCA::SP112793	0.964	0.964
Prost-AdenoCA::SP112963	0.981	0.975
Prost-AdenoCA::SP112801	0.974	0.97
Prost-AdenoCA::SP112997	0.978	0.977
Prost-AdenoCA::SP112973	0.971	0.972
Prost-AdenoCA::SP112819	0.962	0.956
Prost-AdenoCA::SP112941	0.987	0.985
Prost-AdenoCA::SP112965	0.972	0.974
Prost-AdenoCA::SP112791	0.973	0.972
Prost-AdenoCA::SP112949	0.971	0.969
Prost-AdenoCA::SP112857	0.976	0.972
Prost-AdenoCA::SP112843	0.955	0.955
Prost-AdenoCA::SP112915	0.973	0.971
Prost-AdenoCA::SP112837	0.942	0.938
Prost-AdenoCA::SP112823	0.964	0.962
Prost-AdenoCA::SP102633	0.962	0.957
Prost-AdenoCA::SP112899	0.939	0.944
Prost-AdenoCA::SP112893	0.961	0.964
Prost-AdenoCA::SP112895	0.983	0.977
Prost-AdenoCA::SP102626	0.973	0.971
Prost-AdenoCA::SP112795	0.969	0.966
Prost-AdenoCA::SP112927	0.972	0.975
Prost-AdenoCA::SP112779	0.97	0.927
Prost-AdenoCA::SP112975	0.976	0.973
Prost-AdenoCA::SP112867	0.968	0.964
Prost-AdenoCA::SP112903	0.94	0.944
Prost-AdenoCA::SP112933	0.972	0.968
Prost-AdenoCA::SP112869	0.968	0.963
Prost-AdenoCA::SP112999	0.955	0.948
Prost-AdenoCA::SP112939	0.98	0.977
Prost-AdenoCA::SP112921	0.945	0.955
Prost-AdenoCA::SP112901	0.961	0.962
Prost-AdenoCA::SP112831	0.974	0.973
Prost-AdenoCA::SP112891	0.98	0.978
Prost-AdenoCA::SP112775	0.963	0.966
Prost-AdenoCA::SP112897	0.977	0.973
Prost-AdenoCA::SP112885	0.984	0.983
Prost-AdenoCA::SP112789	0.968	0.965
Prost-AdenoCA::SP102630	0.963	0.974
Prost-AdenoCA::SP112971	0.993	0.992
Prost-AdenoCA::SP112821	0.96	0.946
Prost-AdenoCA::SP112813	0.955	0.955
Prost-AdenoCA::SP112961	0.984	0.984
Prost-AdenoCA::SP112977	0.977	0.972
Prost-AdenoCA::SP112905	0.967	0.967
Prost-AdenoCA::SP102647	0.963	0.962
Prost-AdenoCA::SP112873	0.973	0.967
Prost-AdenoCA::SP112959	0.908	0.926
Prost-AdenoCA::SP112931	0.977	0.975
Prost-AdenoCA::SP112865	0.972	0.97
Prost-AdenoCA::SP113003	0.962	0.965
Prost-AdenoCA::SP113001	0.978	0.975
Prost-AdenoCA::SP112879	0.972	0.965
Prost-AdenoCA::SP112945	0.965	0.967
Prost-AdenoCA::SP112935	0.976	0.973
Prost-AdenoCA::SP112863	0.966	0.969
Prost-AdenoCA::SP112983	0.928	0.942
Prost-AdenoCA::SP112809	0.979	0.975
Prost-AdenoCA::SP112923	0.974	0.973
Prost-AdenoCA::SP112853	0.971	0.966
Prost-AdenoCA::SP113005	0.977	0.97
Prost-AdenoCA::SP112957	0.96	0.957
Prost-AdenoCA::SP112783	0.979	0.975
Prost-AdenoCA::SP112943	0.966	0.961
Prost-AdenoCA::SP112861	0.995	0.993
Prost-AdenoCA::SP112917	0.956	0.949
Prost-AdenoCA::SP112787	0.972	0.965
Prost-AdenoCA::SP112995	0.974	0.972
Prost-AdenoCA::SP112811	0.974	0.974
Prost-AdenoCA::SP112797	0.98	0.98
Prost-AdenoCA::SP112909	0.964	0.959
Prost-AdenoCA::SP112781	0.977	0.975
Prost-AdenoCA::SP112991	0.968	0.966
Prost-AdenoCA::SP112907	0.918	0.915
Prost-AdenoCA::SP112817	0.962	0.962
Prost-AdenoCA::SP112993	0.971	0.971
Prost-AdenoCA::SP112827	0.97	0.965
Prost-AdenoCA::SP112855	0.968	0.965
Prost-AdenoCA::SP112969	0.969	0.965
Prost-AdenoCA::SP112883	0.964	0.962
Prost-AdenoCA::SP112929	0.974	0.969
Prost-AdenoCA::SP112833	0.97	0.96
Prost-AdenoCA::SP112777	0.887	0.87
Prost-AdenoCA::SP112887	0.963	0.961
Prost-AdenoCA::SP112877	0.92	0.918
Prost-AdenoCA::SP112871	0.975	0.972
Prost-AdenoCA::SP112875	0.911	0.933
Prost-AdenoCA::SP112913	0.921	0.938
Prost-AdenoCA::SP112849	0.977	0.972
Prost-AdenoCA::SP112881	0.964	0.96
Prost-AdenoCA::SP112951	0.935	0.941
Prost-AdenoCA::SP112845	0.954	0.956
Prost-AdenoCA::SP114910	0.977	0.977
Prost-AdenoCA::SP114906	0.966	0.967
Prost-AdenoCA::SP114921	0.964	0.966
Prost-AdenoCA::SP114901	0.958	0.957
Prost-AdenoCA::SP114926	0.976	0.977
Prost-AdenoCA::SP114974	0.956	0.961
Prost-AdenoCA::SP114958	0.971	0.971
Prost-AdenoCA::SP114935	0.975	0.967
Prost-AdenoCA::SP114900	0.97	0.973
Prost-AdenoCA::SP114941	0.977	0.975
Prost-AdenoCA::SP114937	0.974	0.973
Prost-AdenoCA::SP114945	0.97	0.969
Prost-AdenoCA::SP114943	0.978	0.976
Prost-AdenoCA::SP114949	0.97	0.969
Prost-AdenoCA::SP114960	0.972	0.968
Prost-AdenoCA::SP114962	0.969	0.968
Prost-AdenoCA::SP114996	0.957	0.955
Prost-AdenoCA::SP114987	0.96	0.958
Prost-AdenoCA::SP114966	0.98	0.98
Prost-AdenoCA::SP114903	0.953	0.957
Prost-AdenoCA::SP114914	0.972	0.969
Prost-AdenoCA::SP114944	0.98	0.979
Prost-AdenoCA::SP114930	0.98	0.978
Prost-AdenoCA::SP114946	0.974	0.972
Prost-AdenoCA::SP114951	0.97	0.97
Prost-AdenoCA::SP114953	0.973	0.972
Prost-AdenoCA::SP114924	0.97	0.969
Prost-AdenoCA::SP114957	0.966	0.968
Prost-AdenoCA::SP114986	0.964	0.969
Prost-AdenoCA::SP114971	0.961	0.966
Prost-AdenoCA::SP114991	0.957	0.955
Prost-AdenoCA::SP114992	0.955	0.953
Prost-AdenoCA::SP114920	0.976	0.976
Prost-AdenoCA::SP114898	0.962	0.958
Prost-AdenoCA::SP114932	0.976	0.977
Prost-AdenoCA::SP114934	0.976	0.978
Prost-AdenoCA::SP114968	0.974	0.974
Prost-AdenoCA::SP114982	0.958	0.965
Prost-AdenoCA::SP114973	0.96	0.966
Prost-AdenoCA::SP114908	0.968	0.966
Prost-AdenoCA::SP114904	0.975	0.971
Prost-AdenoCA::SP114918	0.976	0.972
Prost-AdenoCA::SP114984	0.965	0.969
Prost-AdenoCA::SP114994	0.959	0.957
Prost-AdenoCA::SP114978	0.968	0.973
Prost-AdenoCA::SP114912	0.977	0.975
Prost-AdenoCA::SP114917	0.973	0.974
Prost-AdenoCA::SP114980	0.96	0.966
Prost-AdenoCA::SP114976	0.959	0.965
Prost-AdenoCA::SP114916	0.974	0.974
Prost-AdenoCA::SP111131	0.976	0.971
Prost-AdenoCA::SP111126	0.976	0.978
Prost-AdenoCA::SP111146	0.97	0.968
Prost-AdenoCA::SP111123	0.981	0.978
Prost-AdenoCA::SP111127	0.979	0.977
Prost-AdenoCA::SP111121	0.931	0.944
Prost-AdenoCA::SP111156	0.978	0.977
Prost-AdenoCA::SP111122	0.979	0.978
Prost-AdenoCA::SP111129	0.967	0.962
Prost-AdenoCA::SP111152	0.966	0.968
Prost-AdenoCA::SP111154	0.96	0.959
Prost-AdenoCA::SP111124	0.973	0.972
Prost-AdenoCA::SP111128	0.975	0.973
Prost-AdenoCA::SP111125	0.949	0.958
Prost-AdenoCA::SP111130	0.964	0.959
Prost-AdenoCA::SP106835	0.977	0.978
Prost-AdenoCA::SP106834	0.979	0.976
Prost-AdenoCA::SP106825	0.981	0.979
Prost-AdenoCA::SP106841	0.974	0.968
Prost-AdenoCA::SP106827	0.98	0.975
Prost-AdenoCA::SP106833	0.978	0.975
Prost-AdenoCA::SP106839	0.984	0.984
Prost-AdenoCA::SP106840	0.976	0.974
Prost-AdenoCA::SP106828	0.968	0.973
Prost-AdenoCA::SP106829	0.978	0.977
Prost-AdenoCA::SP106836	0.974	0.977
Prost-AdenoCA::SP106837	0.985	0.978
Prost-AdenoCA::SP80037	0.978	0.975
Prost-AdenoCA::SP102690	0.967	0.964
Prost-AdenoCA::SP80213	0.909	0.93
Prost-AdenoCA::SP79939	0.94	0.941
Prost-AdenoCA::SP109649	0.966	0.962
Prost-AdenoCA::SP79988	0.964	0.966
Prost-AdenoCA::SP80183	0.979	0.974
Prost-AdenoCA::SP79971	0.965	0.966
Prost-AdenoCA::SP79968	0.979	0.98
Prost-AdenoCA::SP80160	0.915	0.921
Prost-AdenoCA::SP80244	0.967	0.976
Prost-AdenoCA::SP79998	0.937	0.938
Prost-AdenoCA::SP80216	0.943	0.936
Prost-AdenoCA::SP80042	0.968	0.977
Prost-AdenoCA::SP79907	0.962	0.963
Prost-AdenoCA::SP79958	0.967	0.964
Prost-AdenoCA::SP80205	0.979	0.977
Prost-AdenoCA::SP80014	0.96	0.964
Skin-Melanoma::SP124389	1.0	1.0
Skin-Melanoma::SP124362	0.997	0.997
Skin-Melanoma::SP124394	0.992	0.991
Skin-Melanoma::SP124334	0.998	0.997
Skin-Melanoma::SP124339	0.968	0.962
Skin-Melanoma::SP124454	0.998	0.997
Skin-Melanoma::SP124380	0.999	0.999
Skin-Melanoma::SP124273	0.963	0.97
Skin-Melanoma::SP124357	0.955	0.966
Skin-Melanoma::SP124399	0.995	0.993
Skin-Melanoma::SP124311	0.998	0.995
Skin-Melanoma::SP124355	0.971	0.974
Skin-Melanoma::SP124434	0.997	0.998
Skin-Melanoma::SP124428	0.999	0.999
Skin-Melanoma::SP124449	0.997	0.996
Skin-Melanoma::SP124298	0.998	0.998
Skin-Melanoma::SP124431	0.999	0.998
Skin-Melanoma::SP124396	0.996	0.996
Skin-Melanoma::SP124409	0.997	0.996
Skin-Melanoma::SP124341	0.94	0.943
Skin-Melanoma::SP124353	0.977	0.978
Skin-Melanoma::SP124278	0.963	0.964
Skin-Melanoma::SP124376	0.999	0.999
Skin-Melanoma::SP124346	0.994	0.991
Skin-Melanoma::SP124439	0.997	0.998
Skin-Melanoma::SP124351	0.984	0.98
Skin-Melanoma::SP124406	0.997	0.995
Skin-Melanoma::SP124323	0.985	0.984
Skin-Melanoma::SP124391	0.978	0.964
Skin-Melanoma::SP124423	1.0	0.999
Skin-Melanoma::SP124382	0.997	0.996
Skin-Melanoma::SP124415	0.997	0.997
Skin-Melanoma::SP124436	0.991	0.988
Skin-Melanoma::SP124460	0.997	0.996
Skin-Melanoma::SP124425	0.998	0.997
Skin-Melanoma::SP124456	0.997	0.996
Skin-Melanoma::SP124367	0.996	0.996
Skin-Melanoma::SP124281	0.969	0.971
Skin-Melanoma::SP124377	0.998	0.998
Skin-Melanoma::SP124412	0.995	0.989
Skin-Melanoma::SP124333	0.996	0.994
Skin-Melanoma::SP124359	0.962	0.956
Skin-Melanoma::SP124286	0.982	0.979
Skin-Melanoma::SP124329	0.996	0.993
Skin-Melanoma::SP124326	0.995	0.994
Skin-Melanoma::SP124458	0.999	0.998
Skin-Melanoma::SP124401	0.997	0.997
Skin-Melanoma::SP124264	0.966	0.966
Skin-Melanoma::SP124384	0.998	0.998
Skin-Melanoma::SP124403	0.996	0.994
Skin-Melanoma::SP124462	0.997	0.996
Skin-Melanoma::SP124271	0.981	0.978
Skin-Melanoma::SP124336	0.945	0.951
Skin-Melanoma::SP124452	0.998	0.998
Skin-Melanoma::SP124386	0.999	0.998
Skin-Melanoma::SP124441	0.958	0.958
Skin-Melanoma::SP124418	0.996	0.994
Skin-Melanoma::SP124291	0.971	0.978
Skin-Melanoma::SP124319	0.999	0.999
Skin-Melanoma::SP124305	0.996	0.994
Skin-Melanoma::SP124447	0.998	0.998
Skin-Melanoma::SP124344	0.96	0.956
Skin-Melanoma::SP124369	0.998	0.998
Skin-Melanoma::SP124348	0.938	0.959
Skin-Melanoma::SP124295	0.992	0.985
Skin-Melanoma::SP124444	0.998	0.996
Skin-Melanoma::SP124365	0.998	0.996
Skin-Melanoma::SP124420	0.998	0.997
Skin-Melanoma::SP124364	0.997	0.996
Skin-Melanoma::SP124307	0.999	0.998
Skin-Melanoma::SP82445	0.998	0.998
Skin-Melanoma::SP83242	0.998	0.998
Skin-Melanoma::SP103894	0.998	0.998
Skin-Melanoma::SP83382	0.998	0.998
Skin-Melanoma::SP82451	0.997	0.994
Skin-Melanoma::SP104330	0.978	0.973
Skin-Melanoma::SP83312	0.999	0.998
Skin-Melanoma::SP82614	0.998	0.997
Skin-Melanoma::SP82431	0.995	0.995
Skin-Melanoma::SP82459	0.993	0.991
Skin-Melanoma::SP113197	0.959	0.966
Skin-Melanoma::SP82532	0.993	0.994
Skin-Melanoma::SP82636	0.962	0.967
Skin-Melanoma::SP82796	0.998	0.998
Skin-Melanoma::SP83482	0.998	0.997
Skin-Melanoma::SP104530	0.997	0.995
Skin-Melanoma::SP82429	0.992	0.99
Skin-Melanoma::SP82644	0.998	0.997
Skin-Melanoma::SP82988	0.998	0.998
Skin-Melanoma::SP82461	0.998	0.998
Skin-Melanoma::SP82900	0.998	0.998
Skin-Melanoma::SP82399	0.997	0.996
Skin-Melanoma::SP82756	0.994	0.989
Skin-Melanoma::SP82836	0.996	0.994
Skin-Melanoma::SP82417	0.999	0.999
Skin-Melanoma::SP82471	0.91	0.92
Skin-Melanoma::SP82435	0.993	0.992
Skin-Melanoma::SP104056	0.996	0.994
Skin-Melanoma::SP83083	0.998	0.999
Skin-Melanoma::SP82433	0.995	0.993
Skin-Melanoma::SP82780	0.998	0.996
Skin-Melanoma::SP83019	0.999	0.999
Skin-Melanoma::SP83099	0.996	0.994
Skin-Melanoma::SP83146	0.999	0.999
Skin-Melanoma::SP103866	0.996	0.994
Skin-Melanoma::SP83844	0.999	0.999
Skin-Melanoma::SP83027	0.965	0.936
SoftTissue-Leiomyo::SP122725	0.982	0.977
SoftTissue-Leiomyo::SP122476	0.958	0.955
SoftTissue-Leiomyo::SP122372	0.951	0.954
SoftTissue-Leiomyo::SP122489	0.968	0.965
SoftTissue-Leiomyo::SP122560	0.961	0.962
SoftTissue-Leiomyo::SP122590	0.944	0.936
SoftTissue-Leiomyo::SP122714	0.945	0.935
SoftTissue-Leiomyo::SP121870	0.968	0.959
SoftTissue-Leiomyo::SP123010	0.966	0.959
SoftTissue-Leiomyo::SP121865	0.969	0.973
SoftTissue-Leiomyo::SP122676	0.957	0.968
SoftTissue-Leiomyo::SP122412	0.971	0.973
SoftTissue-Leiomyo::SP122392	0.952	0.945
SoftTissue-Leiomyo::SP122634	0.951	0.952
SoftTissue-Leiomyo::SP122702	0.946	0.942
SoftTissue-Liposarc::SP121828	0.981	0.98
SoftTissue-Liposarc::SP121783	0.97	0.975
SoftTissue-Liposarc::SP121774	0.968	0.97
SoftTissue-Liposarc::SP121790	0.953	0.953
SoftTissue-Liposarc::SP121859	0.945	0.94
SoftTissue-Liposarc::SP121808	0.968	0.974
SoftTissue-Liposarc::SP121781	0.973	0.979
SoftTissue-Liposarc::SP121763	0.971	0.974
SoftTissue-Liposarc::SP121811	0.971	0.978
SoftTissue-Liposarc::SP121852	0.967	0.974
SoftTissue-Liposarc::SP122361	0.971	0.971
SoftTissue-Liposarc::SP121837	0.972	0.978
SoftTissue-Liposarc::SP121824	0.95	0.964
SoftTissue-Liposarc::SP121841	0.97	0.971
SoftTissue-Liposarc::SP121831	0.95	0.958
SoftTissue-Liposarc::SP121761	0.952	0.949
SoftTissue-Liposarc::SP121816	0.965	0.963
SoftTissue-Liposarc::SP121861	0.957	0.965
SoftTissue-Liposarc::SP121847	0.964	0.967
Stomach-AdenoCA::SP135192	0.851	0.856
Stomach-AdenoCA::SP135335	0.985	0.934
Stomach-AdenoCA::SP135278	0.956	0.884
Stomach-AdenoCA::SP135287	0.984	0.953
Stomach-AdenoCA::SP135345	0.945	0.912
Stomach-AdenoCA::SP85122	0.981	0.98
Stomach-AdenoCA::SP84384	0.976	0.929
Stomach-AdenoCA::SP135184	0.934	0.929
Stomach-AdenoCA::SP135226	0.977	0.965
Stomach-AdenoCA::SP135436	0.976	0.97
Stomach-AdenoCA::SP135262	0.968	0.948
Stomach-AdenoCA::SP135431	0.964	0.944
Stomach-AdenoCA::SP135425	0.977	0.917
Stomach-AdenoCA::SP135222	0.983	0.976
Stomach-AdenoCA::SP135230	0.985	0.962
Stomach-AdenoCA::SP135205	0.972	0.922
Stomach-AdenoCA::SP135213	0.966	0.946
Stomach-AdenoCA::SP135405	0.984	0.96
Stomach-AdenoCA::SP135238	0.905	0.897
Stomach-AdenoCA::SP135270	0.986	0.985
Stomach-AdenoCA::SP135411	0.963	0.953
Stomach-AdenoCA::SP135188	0.989	0.947
Stomach-AdenoCA::SP135194	0.962	0.954
Stomach-AdenoCA::SP135186	0.945	0.877
Stomach-AdenoCA::SP135420	0.977	0.902
Stomach-AdenoCA::SP135258	0.969	0.944
Stomach-AdenoCA::SP135234	0.99	0.943
Stomach-AdenoCA::SP135393	0.983	0.943
Stomach-AdenoCA::SP135299	0.981	0.957
Stomach-AdenoCA::SP135415	0.964	0.946
Stomach-AdenoCA::SP135323	0.96	0.965
Stomach-AdenoCA::SP135390	0.94	0.854
Stomach-AdenoCA::SP135209	0.973	0.956
Stomach-AdenoCA::SP135240	0.979	0.953
Stomach-AdenoCA::SP135182	0.969	0.918
Stomach-AdenoCA::SP85251	0.972	0.974
Stomach-AdenoCA::SP84408	0.981	0.981
Stomach-AdenoCA::SP84491	0.983	0.945
Stomach-AdenoCA::SP84743	0.987	0.961
Stomach-AdenoCA::SP83967	0.967	0.978
Stomach-AdenoCA::SP105253	0.988	0.958
Stomach-AdenoCA::SP84998	0.977	0.974
Stomach-AdenoCA::SP84062	0.978	0.975
Stomach-AdenoCA::SP84982	0.976	0.959
Stomach-AdenoCA::SP84790	0.988	0.955
Stomach-AdenoCA::SP105673	0.975	0.941
Stomach-AdenoCA::SP85339	0.981	0.961
Stomach-AdenoCA::SP84719	0.981	0.969
Stomach-AdenoCA::SP105425	0.981	0.96
Stomach-AdenoCA::SP84056	0.976	0.968
Stomach-AdenoCA::SP105261	0.971	0.973
Stomach-AdenoCA::SP85379	0.986	0.937
Stomach-AdenoCA::SP105086	0.974	0.944
Stomach-AdenoCA::SP84392	0.985	0.951
Stomach-AdenoCA::SP105018	0.969	0.964
Stomach-AdenoCA::SP84858	0.975	0.979
Stomach-AdenoCA::SP84086	0.974	0.976
Stomach-AdenoCA::SP105213	0.965	0.958
Stomach-AdenoCA::SP105577	0.984	0.977
Stomach-AdenoCA::SP85431	0.981	0.982
Stomach-AdenoCA::SP84962	0.985	0.984
Stomach-AdenoCA::SP105006	0.972	0.913
Stomach-AdenoCA::SP84439	0.952	0.887
Stomach-AdenoCA::SP105159	0.974	0.965
Stomach-AdenoCA::SP85230	0.986	0.983
Stomach-AdenoCA::SP84922	0.984	0.964
Stomach-AdenoCA::SP85130	0.983	0.978
Stomach-AdenoCA::SP104984	0.988	0.983
Stomach-AdenoCA::SP85222	0.984	0.983
Stomach-AdenoCA::SP105375	0.959	0.945
Stomach-AdenoCA::SP85287	0.977	0.941
Thy-AdenoCA::SP85623	0.938	0.932
Thy-AdenoCA::SP85491	0.914	0.908
Thy-AdenoCA::SP87582	0.929	0.931
Thy-AdenoCA::SP89090	0.919	0.944
Thy-AdenoCA::SP85511	0.958	0.951
Thy-AdenoCA::SP85952	0.914	0.92
Thy-AdenoCA::SP85840	0.942	0.935
Thy-AdenoCA::SP87675	0.947	0.94
Thy-AdenoCA::SP85836	0.942	0.944
Thy-AdenoCA::SP120767	0.988	0.983
Thy-AdenoCA::SP105708	0.94	0.944
Thy-AdenoCA::SP105922	0.938	0.937
Thy-AdenoCA::SP86118	0.943	0.939
Thy-AdenoCA::SP86306	0.956	0.955
Thy-AdenoCA::SP87099	0.936	0.935
Thy-AdenoCA::SP87434	0.958	0.966
Thy-AdenoCA::SP85864	0.913	0.919
Thy-AdenoCA::SP105807	0.946	0.954
Thy-AdenoCA::SP89291	0.93	0.936
Thy-AdenoCA::SP88050	0.923	0.921
Thy-AdenoCA::SP88593	0.957	0.954
Thy-AdenoCA::SP88158	0.987	0.987
Thy-AdenoCA::SP87534	0.954	0.955
Thy-AdenoCA::SP88776	0.932	0.922
Thy-AdenoCA::SP85725	0.986	0.983
Thy-AdenoCA::SP86660	0.973	0.97
Thy-AdenoCA::SP87903	0.994	0.994
Thy-AdenoCA::SP88098	0.983	0.984
Thy-AdenoCA::SP85487	0.967	0.965
Thy-AdenoCA::SP105759	0.934	0.942
Thy-AdenoCA::SP86775	0.855	0.87
Thy-AdenoCA::SP88322	0.93	0.937
Thy-AdenoCA::SP85582	0.922	0.916
Thy-AdenoCA::SP87446	0.94	0.932
Thy-AdenoCA::SP87337	0.935	0.917
Thy-AdenoCA::SP86929	0.955	0.934
Thy-AdenoCA::SP86130	0.925	0.931
Thy-AdenoCA::SP86425	0.964	0.955
Thy-AdenoCA::SP85495	0.893	0.91
Thy-AdenoCA::SP85787	0.968	0.976
Thy-AdenoCA::SP89245	0.906	0.911
Thy-AdenoCA::SP86989	0.953	0.953
Thy-AdenoCA::SP88757	0.937	0.938
Thy-AdenoCA::SP85733	0.941	0.954
Thy-AdenoCA::SP85737	0.908	0.941
Thy-AdenoCA::SP85647	0.956	0.956
Uterus-AdenoCA::SP95454	0.986	0.986
Uterus-AdenoCA::SP94741	0.988	0.989
Uterus-AdenoCA::SP90209	0.957	0.961
Uterus-AdenoCA::SP90989	0.985	0.968
Uterus-AdenoCA::SP93540	0.987	0.991
Uterus-AdenoCA::SP93227	0.978	0.983
Uterus-AdenoCA::SP94348	0.992	0.99
Uterus-AdenoCA::SP94588	0.985	0.982
Uterus-AdenoCA::SP90725	0.957	0.957
Uterus-AdenoCA::SP94236	0.998	0.998
Uterus-AdenoCA::SP93772	0.982	0.976
Uterus-AdenoCA::SP92195	0.972	0.962
Uterus-AdenoCA::SP89957	0.975	0.939
Uterus-AdenoCA::SP92268	0.976	0.974
Uterus-AdenoCA::SP92707	0.949	0.949
Uterus-AdenoCA::SP89687	0.98	0.973
Uterus-AdenoCA::SP90269	0.959	0.96
Uterus-AdenoCA::SP94933	0.925	0.807
Uterus-AdenoCA::SP95126	0.985	0.98
Uterus-AdenoCA::SP95646	0.976	0.973
Uterus-AdenoCA::SP89443	0.994	0.994
Uterus-AdenoCA::SP89651	0.986	0.981
Uterus-AdenoCA::SP94060	0.988	0.988
Uterus-AdenoCA::SP92787	0.966	0.966
Uterus-AdenoCA::SP92723	0.977	0.975
Uterus-AdenoCA::SP92364	0.966	0.835
Uterus-AdenoCA::SP95406	0.983	0.978
Uterus-AdenoCA::SP91746	0.975	0.969
Uterus-AdenoCA::SP92332	0.957	0.949
Uterus-AdenoCA::SP91730	0.972	0.962
Uterus-AdenoCA::SP92947	0.971	0.97
Uterus-AdenoCA::SP91666	0.977	0.97
Uterus-AdenoCA::SP90245	0.976	0.969
Uterus-AdenoCA::SP90893	0.978	0.971
Uterus-AdenoCA::SP89519	0.981	0.979
Uterus-AdenoCA::SP94917	0.956	0.963
Uterus-AdenoCA::SP92659	0.998	0.999
Uterus-AdenoCA::SP94332	0.955	0.95
Uterus-AdenoCA::SP94661	0.966	0.962
Uterus-AdenoCA::SP93652	0.976	0.971
Uterus-AdenoCA::SP90125	0.963	0.961
Uterus-AdenoCA::SP94540	0.926	0.922
Uterus-AdenoCA::SP95222	0.99	0.986
Uterus-AdenoCA::SP89389	0.992	0.988
Uterus-AdenoCA::SP90503	0.994	0.991
Uterus-AdenoCA::SP92460	0.982	0.978
Uterus-AdenoCA::SP92931	0.978	0.975
Uterus-AdenoCA::SP91265	0.961	0.956
Uterus-AdenoCA::SP89909	0.99	0.991
Uterus-AdenoCA::SP90629	0.994	0.991
Uterus-AdenoCA::SP95550	0.984	0.978
