MutationType	Age1.Unrepaired_FFPE.1994	Age1.Repaired_FFPE.1994	Age2.Unrepaired_FFPE.1994	Age2.Repaired_FFPE.1994	Age3.Unrepaired_FFPE.1994	Age3.Repaired_FFPE.1994	Age4.Repaired_FFPE.2004	Age4.Unrepaired_FFPE.2004	Age5.Repaired_FFPE.2004	Age5.Unrepaired_FFPE.2004	Age6.Unrepaired_FFPE.2004	Age6.Repaired_FFPE.2004	Age7.Unrepaired_FFPE.2014	Age7.Repaired_FFPE.2014	Age8.Unrepaired_FFPE.2014	Age8.Repaired_FFPE.2014	Age9.Unrepaired_FFPE.2014	Age9.Repaired_FFPE.2014
C>A@A_A	0	0	0	2	0	0	0	0	1	0	1	0	0	0	0	1	0	1
C>A@A_C	1	3	0	3	0	0	2	1	1	0	0	3	2	2	1	3	1	3
C>A@A_G	0	0	0	0	0	0	0	0	0	0	0	0	0	0	0	0	0	0
C>A@A_T	0	2	0	2	0	1	0	0	1	0	1	0	1	1	0	2	2	2
C>A@C_A	1	0	0	0	0	0	0	0	0	0	0	0	0	0	0	0	0	0
C>A@C_C	0	0	0	2	0	1	0	0	0	0	0	0	2	2	2	2	2	2
C>A@C_G	0	0	0	0	0	1	0	0	0	0	0	0	1	1	1	0	1	1
C>A@C_T	0	0	0	0	0	0	1	0	0	0	0	0	0	0	0	0	0	0
C>A@G_A	1	1	1	1	0	1	2	0	3	0	1	4	0	1	0	0	0	0
C>A@G_C	0	0	0	0	0	0	0	0	0	0	0	0	0	0	0	0	0	0
C>A@G_G	0	0	0	0	0	0	0	0	0	0	0	0	0	0	0	0	0	0
C>A@G_T	0	0	0	0	0	0	0	0	0	0	0	0	0	0	0	0	0	0
C>A@T_A	0	0	1	1	0	1	0	0	0	0	0	0	1	1	1	1	1	1
C>A@T_C	0	0	0	1	0	0	0	0	0	0	0	0	1	1	1	1	1	1
C>A@T_G	0	0	0	0	0	0	0	0	0	0	0	0	0	0	0	0	0	0
C>A@T_T	1	1	1	1	1	1	1	0	1	0	0	1	1	2	0	1	1	0
C>G@A_A	0	0	0	0	0	0	1	0	0	0	0	0	0	0	0	0	0	0
C>G@A_C	0	0	0	0	0	0	0	0	0	0	0	0	0	0	0	0	0	0
C>G@A_G	0	0	0	0	0	0	0	0	0	0	0	0	0	0	0	0	0	0
C>G@A_T	0	0	0	0	0	0	0	0	0	0	0	0	0	0	0	0	0	0
C>G@C_A	0	0	0	0	0	0	0	0	0	0	0	0	0	0	0	0	0	0
C>G@C_C	0	0	0	0	0	0	0	0	0	0	0	0	0	0	0	0	0	0
C>G@C_G	0	0	0	0	0	0	0	0	0	0	0	0	0	1	0	0	0	1
C>G@C_T	1	0	0	0	1	1	0	0	0	1	1	0	0	0	1	1	1	1
C>G@G_A	0	0	0	0	0	1	0	0	0	0	0	0	0	0	0	0	0	0
C>G@G_C	0	0	0	0	0	0	0	0	0	0	0	0	2	1	0	0	0	0
C>G@G_G	0	0	1	0	0	1	1	1	0	0	0	0	0	1	0	0	1	0
C>G@G_T	0	0	0	0	0	0	0	0	0	0	0	0	0	0	0	1	0	0
C>G@T_A	0	0	0	0	0	0	0	0	0	0	0	0	0	0	0	0	0	0
C>G@T_C	0	0	0	0	0	0	0	0	0	0	0	0	0	0	0	0	0	0
C>G@T_G	0	0	0	0	0	0	0	0	0	0	0	0	1	0	0	0	1	1
C>G@T_T	0	0	0	0	0	0	0	0	0	0	0	0	0	0	0	0	0	0
C>T@A_A	102	2	100	3	78	4	2	127	1	104	86	1	46	4	28	0	13	0
C>T@A_C	61	2	64	0	67	2	2	72	0	56	56	2	28	2	20	0	12	0
C>T@A_G	25	31	29	34	30	25	30	31	25	25	24	31	14	14	12	14	7	15
C>T@A_T	56	3	70	0	58	2	0	64	1	65	66	1	35	3	24	2	9	2
C>T@C_A	111	2	115	2	118	5	2	112	5	109	118	8	44	9	41	0	9	1
C>T@C_C	75	1	81	2	70	2	3	80	3	80	65	0	38	3	27	0	8	1
C>T@C_G	34	36	37	44	37	48	42	30	45	25	28	41	10	34	15	34	10	19
C>T@C_T	87	2	76	2	81	2	0	97	1	91	77	2	43	3	21	1	9	0
C>T@G_A	65	1	53	3	70	4	2	57	2	70	42	3	27	7	21	1	8	0
C>T@G_C	45	4	56	3	62	1	1	63	3	52	42	3	28	4	22	2	6	1
C>T@G_G	22	36	27	39	33	46	38	21	37	18	18	33	22	17	15	15	7	18
C>T@G_T	57	1	37	0	56	2	1	46	1	33	50	1	25	2	16	0	4	0
C>T@T_A	84	2	102	4	96	3	4	135	2	119	103	4	45	1	35	1	10	0
C>T@T_C	82	4	102	1	85	6	1	102	6	79	93	3	43	6	35	2	17	1
C>T@T_G	27	27	30	33	29	32	24	26	23	22	26	34	16	23	13	23	6	12
C>T@T_T	121	2	115	1	118	2	0	137	1	113	101	1	42	4	25	0	12	0
T>A@A_A	0	0	0	0	0	0	0	0	0	0	0	0	0	0	0	0	0	0
T>A@A_C	0	0	0	0	0	0	0	0	0	0	0	0	0	0	0	0	0	0
T>A@A_G	0	0	0	0	0	0	0	0	0	0	0	0	0	0	0	0	0	0
T>A@A_T	0	0	0	0	0	0	0	0	0	0	0	0	0	0	0	0	0	0
T>A@C_A	0	0	0	1	0	0	0	0	0	0	0	0	0	0	0	0	0	0
T>A@C_C	0	0	0	0	0	0	0	0	0	0	0	0	0	0	0	0	0	0
T>A@C_G	0	0	0	1	0	0	1	0	0	0	0	0	0	0	0	0	0	0
T>A@C_T	0	0	0	0	0	0	0	0	0	0	0	0	0	0	0	0	0	0
T>A@G_A	0	0	0	1	0	1	1	0	0	0	0	0	0	0	0	1	0	0
T>A@G_C	0	0	0	0	0	0	0	0	0	0	0	0	0	0	0	0	0	0
T>A@G_G	0	0	0	2	0	0	1	0	0	0	0	0	0	0	0	0	1	1
T>A@G_T	0	0	0	0	0	0	0	0	0	0	0	0	0	0	0	0	0	0
T>A@T_A	0	0	0	0	0	0	0	0	0	0	0	0	0	0	0	0	0	0
T>A@T_C	0	0	0	0	0	0	0	0	0	0	0	0	0	0	0	0	0	0
T>A@T_G	0	0	0	0	0	0	0	0	0	0	0	0	0	0	0	0	0	0
T>A@T_T	0	0	0	0	0	0	0	0	0	0	0	0	0	0	0	0	0	0
T>C@A_A	1	2	1	2	0	4	2	0	1	0	2	4	2	3	1	4	2	3
T>C@A_C	5	55	11	80	8	92	64	4	78	4	24	58	54	101	70	96	60	95
T>C@A_G	3	26	4	42	2	39	27	0	32	5	11	42	21	56	29	41	26	37
T>C@A_T	4	42	4	56	5	61	37	4	49	8	13	40	25	50	32	50	45	58
T>C@C_A	0	7	0	14	1	9	7	0	13	1	4	8	3	12	9	13	10	16
T>C@C_C	15	70	21	107	16	90	71	20	87	12	32	65	66	105	93	109	82	104
T>C@C_G	4	57	10	90	8	82	55	10	83	6	15	81	58	125	86	101	74	110
T>C@C_T	25	91	22	129	21	117	90	35	114	26	46	88	86	129	118	126	113	131
T>C@G_A	0	12	0	22	1	25	36	1	17	1	0	26	13	32	20	30	19	36
T>C@G_C	18	63	21	82	20	78	71	30	72	27	39	68	74	99	81	99	77	96
T>C@G_G	13	70	21	90	20	90	93	18	72	18	32	67	65	118	93	111	88	111
T>C@G_T	12	55	24	66	25	66	64	11	71	14	19	50	55	77	72	80	73	76
T>C@T_A	0	1	0	1	0	0	2	0	4	0	1	2	0	4	0	1	0	1
T>C@T_C	6	60	12	83	11	85	66	14	76	15	22	68	56	108	67	90	67	90
T>C@T_G	2	38	2	46	0	47	26	5	29	1	9	47	16	62	29	41	33	45
T>C@T_T	9	48	11	69	10	72	51	6	77	5	19	62	40	79	57	73	46	69
T>G@A_A	0	0	0	0	0	0	0	0	0	0	0	0	0	0	0	0	0	0
T>G@A_C	0	0	0	0	0	1	0	0	0	0	0	0	0	0	0	0	1	0
T>G@A_G	0	1	0	0	0	0	1	0	0	0	0	0	0	0	0	1	0	0
T>G@A_T	0	0	0	0	0	0	0	0	0	0	0	0	0	0	0	0	0	0
T>G@C_A	0	0	0	0	0	0	0	0	0	0	0	0	0	0	0	0	0	0
T>G@C_C	0	0	0	0	0	0	0	0	0	0	0	0	0	0	0	0	0	0
T>G@C_G	0	0	1	6	0	1	0	0	0	0	0	1	0	0	1	1	0	0
T>G@C_T	0	0	0	0	0	0	0	0	0	0	0	0	0	0	0	0	0	0
T>G@G_A	0	0	0	0	0	0	0	0	0	0	0	0	0	0	0	0	0	0
T>G@G_C	0	0	0	0	0	1	1	0	0	0	0	0	0	0	0	0	0	1
T>G@G_G	1	0	0	1	0	0	2	1	0	0	0	0	1	4	2	3	2	3
T>G@G_T	0	0	0	0	0	0	0	0	0	0	0	0	0	0	0	0	0	0
T>G@T_A	0	0	0	0	0	0	0	0	0	0	0	0	0	0	0	0	0	0
T>G@T_C	0	0	0	1	0	1	0	0	0	0	0	0	0	0	0	0	0	0
T>G@T_G	0	2	0	2	0	1	1	0	1	0	1	1	0	1	1	1	1	1
T>G@T_T	0	0	0	0	0	0	0	0	0	0	0	0	0	0	0	0	0	0
