MutationType	A_QGR-FFPE_disconcordant	A_QA-FFPE_disconcordant	B_QGR-FFPE_disconcordant	B_QA-FFPE_disconcordant	C_QGR-FFPE_disconcordant	C_QA-FFPE_disconcordant	D_QGR-FFPE_disconcordant	D_QA-FFPE_disconcordant
C>A@A_A	1	0	2	0	1	2	2	1
C>A@A_C	0	0	1	0	0	0	0	0
C>A@A_G	1	1	1	0	1	0	0	0
C>A@A_T	0	0	1	0	1	0	2	0
C>A@C_A	2	1	4	3	7	1	4	2
C>A@C_C	0	1	2	0	4	2	4	1
C>A@C_G	7	1	4	0	8	1	5	0
C>A@C_T	3	0	4	2	2	0	3	2
C>A@G_A	5	2	5	0	5	4	4	1
C>A@G_C	2	0	6	1	3	1	6	1
C>A@G_G	0	0	1	0	4	1	2	1
C>A@G_T	3	3	1	2	2	1	3	2
C>A@T_A	3	0	2	3	7	2	3	0
C>A@T_C	4	2	2	3	2	2	2	0
C>A@T_G	1	0	1	0	3	1	1	0
C>A@T_T	1	0	2	1	1	1	4	0
C>G@A_A	1	0	4	0	3	0	4	0
C>G@A_C	1	1	1	0	2	0	2	1
C>G@A_G	2	1	2	0	0	0	1	0
C>G@A_T	1	1	3	0	2	0	6	2
C>G@C_A	1	0	1	0	6	1	7	0
C>G@C_C	3	0	2	0	9	3	2	0
C>G@C_G	1	1	2	0	4	2	3	1
C>G@C_T	0	0	1	0	0	0	1	0
C>G@G_A	1	0	1	0	2	0	1	1
C>G@G_C	3	2	3	1	6	4	3	0
C>G@G_G	0	0	0	0	0	0	0	0
C>G@G_T	1	1	2	0	3	2	2	0
C>G@T_A	2	1	1	0	3	2	2	0
C>G@T_C	3	0	3	0	5	2	3	1
C>G@T_G	1	0	1	0	2	0	1	0
C>G@T_T	1	1	1	0	3	2	0	0
C>T@A_A	10	1039	10	476	13	1795	18	271
C>T@A_C	8	808	8	347	12	1451	12	194
C>T@A_G	195	276	150	113	83	475	186	62
C>T@A_T	7	920	10	398	8	1628	13	219
C>T@C_A	10	1203	16	540	19	2038	30	258
C>T@C_C	11	634	6	282	12	1203	22	137
C>T@C_G	228	310	207	153	100	583	216	77
C>T@C_T	13	1004	12	445	19	1705	26	240
C>T@G_A	10	708	17	298	14	1321	23	191
C>T@G_C	10	569	14	244	17	1027	20	138
C>T@G_G	134	154	99	81	62	296	123	54
C>T@G_T	14	644	17	311	26	1282	19	151
C>T@T_A	12	1222	15	608	20	2277	15	264
C>T@T_C	16	1129	8	522	17	1962	24	239
C>T@T_G	244	303	167	163	97	535	223	67
C>T@T_T	13	1279	9	621	15	2275	14	281
T>A@A_A	1	2	1	2	2	1	1	0
T>A@A_C	0	0	0	0	1	0	0	0
T>A@A_G	1	1	1	0	4	0	0	0
T>A@A_T	0	0	0	0	1	0	2	1
T>A@C_A	0	1	0	0	1	0	1	1
T>A@C_C	0	1	1	1	2	1	0	2
T>A@C_G	3	3	1	0	6	3	12	1
T>A@C_T	0	0	0	0	0	0	1	1
T>A@G_A	0	1	1	1	0	1	1	2
T>A@G_C	1	0	1	0	0	0	2	1
T>A@G_G	2	1	2	1	5	2	3	1
T>A@G_T	0	0	0	0	0	0	0	0
T>A@T_A	2	1	0	0	2	1	2	3
T>A@T_C	1	0	0	0	0	1	0	1
T>A@T_G	0	0	0	0	1	0	0	1
T>A@T_T	0	0	0	0	2	0	2	0
T>C@A_A	2	0	6	1	5	4	5	2
T>C@A_C	3	3	5	0	4	3	4	3
T>C@A_G	7	5	11	3	13	7	11	3
T>C@A_T	5	4	7	2	5	2	4	3
T>C@C_A	3	1	4	1	10	2	6	1
T>C@C_C	4	2	3	1	7	4	3	0
T>C@C_G	8	5	11	1	15	7	18	3
T>C@C_T	9	2	7	0	11	5	14	2
T>C@G_A	3	2	7	1	14	6	10	3
T>C@G_C	4	1	2	1	6	3	5	0
T>C@G_G	7	4	11	2	9	8	10	0
T>C@G_T	5	6	7	2	15	4	13	2
T>C@T_A	1	2	3	2	6	1	6	3
T>C@T_C	8	3	6	0	11	4	16	3
T>C@T_G	4	2	4	2	7	3	5	4
T>C@T_T	4	2	1	1	16	5	10	2
T>G@A_A	1	0	2	0	1	1	1	0
T>G@A_C	2	0	2	0	1	1	5	0
T>G@A_G	0	1	0	0	2	2	2	0
T>G@A_T	1	0	0	0	1	0	0	0
T>G@C_A	0	0	0	0	0	1	1	0
T>G@C_C	2	2	1	0	2	1	0	0
T>G@C_G	5	3	2	1	4	0	5	2
T>G@C_T	0	1	1	0	3	0	1	0
T>G@G_A	0	0	0	0	1	0	1	0
T>G@G_C	1	0	1	1	0	0	1	0
T>G@G_G	2	0	2	0	2	1	0	0
T>G@G_T	1	1	2	0	0	0	1	1
T>G@T_A	0	0	1	0	1	1	2	0
T>G@T_C	0	0	1	0	1	0	1	0
T>G@T_G	1	2	1	0	10	3	5	0
T>G@T_T	2	0	3	1	4	2	3	4
